"Opportunity ID","Opportunity Owner","Account Name","Entered Pipeline Date","Close Date","Billing State/Province","Solutions Consultant","ICP","# of Contacts","Blended ARR*","Year 1 Platform Fee","Year 2 Platform Fee","Year 3 Platform Fee","ERP System","Age","Stage Duration","TCV","Stage Before Closed","Created Date","Homes per Year","Loss/DQ Reason","Stage","Confidence"
"006Rj00000NSsMnIAL","Anthony Dimaggio","Hopewell Residential",,"12/13/2025","Alberta","","Yes","1","0","","","","","1.0000000000","1.0000000000","0","","6/19/2025","","","Validation/Introduction","Pipeline"
"006Rj00000N9xObIAJ","Jack Alla","Executive Homes",,"11/17/2025","Oklahoma","","Yes","1","0","","","","","8.0000000000","8.0000000000","0","","6/12/2025","","","Validation/Introduction","Pipeline"
"006Rj00000N659WIAR","Carissa Anderson","Akel Homes",,"11/9/2025","Florida","","Yes","1","0","","","","","9.0000000000","9.0000000000","0","","6/11/2025","","","Validation/Introduction","Pipeline"
"006Rj00000MIYrOIAX","Jack Alla","Autograph Homes",,"11/30/2025","","","Unknown","1","0","","","","","29.0000000000","29.0000000000","0","","5/22/2025","","","Validation/Introduction","Pipeline"
"006Rj00000Lm149IAB","Carissa Anderson","Hines Homes",,"11/28/2025","Arkansas","","No","1","0","","","","","44.0000000000","44.0000000000","0","","5/7/2025","","","Validation/Introduction","Pipeline"
"006Rj00000LEfDmIAL","Sam Nichols","Thrive Companies","4/29/2025","10/31/2025","Ohio","","Yes","","150000","150000","150000","150000","","58.0000000000","52.0000000000","450000","","4/23/2025","","","Discover","Upside"
"006Rj00000KBurPIAT","Carissa Anderson","Red Door Homes Tn","4/11/2025","8/15/2025","Tennessee","","Yes","2","150000","150000","150000","150000","QuickBooks","88.0000000000","50.0000000000","450000","","3/24/2025","","","Developing Champions","Likely"
"006Rj00000KBtvPIAT","Carissa Anderson","Holland Homes LLC","4/3/2025","7/31/2025","Alabama","","Yes","3","225000","150000","200000","325000","","88.0000000000","78.0000000000","675000","","3/24/2025","","","Discover","Upside"
"006Rj00000KAMmvIAH","Sam Nichols","Schaefer Homes","4/3/2025","10/31/2025","Maryland","","Yes","6","116667","100000","125000","125000","MarkSystems","88.0000000000","9.0000000000","350000","","3/24/2025","","","Discover","Upside"
"006Rj00000JcZjNIAV","Carissa Anderson","Home Development Inc (HDI)",,"10/12/2025","Tennessee","","Yes","1","165000","120000","175000","200000","","105.0000000000","105.0000000000","495000","","3/7/2025","","","Validation/Introduction","Pipeline"
"006Rj00000IuPcWIAV","Carissa Anderson","Rockwood Homes","3/7/2025","8/16/2025","Tennessee","","Yes","2","178333","130000","175000","230000","BuilderTrend","127.0000000000","99.0000000000","535000","","2/13/2025","","","Developing Champions","Upside"
"006Rj00000IrWp2IAF","Carissa Anderson","CFB Homes","3/7/2025","11/13/2025","Florida","","Yes","1","200000","150000","200000","250000","","128.0000000000","105.0000000000","600000","","2/12/2025","","","Discover","Pipeline"
"006Rj00000EEPUjIAP","Carissa Anderson","Kinghaus- KP Confidentcia LLC","10/18/2024","4/3/2025","Florida","","Yes","1","266667","200000","250000","350000","","182.0000000000","78.0000000000","800000","Developing Champions","10/3/2024","","Bad Timing","Closed Lost","Pipeline"
"006Rj00000DUfRFIA1","Jack Alla","Winchester Carlisle","10/3/2024","11/21/2024","Texas","","Yes","1","366667","200000","400000","500000","","69.0000000000","211.0000000000","1100000","Developing Champions","9/13/2024","","No Budget / Lost Funding","Closed Lost","Pipeline"
"006Rj00000BoFvBIAV","Anthony Dimaggio","Taylor Morrison of Indiana","3/26/2024","7/25/2024","Indiana","","Yes","1","160140","145818","93235","175387","Constellation - NewStar","0.0000000000","318.0000000000","640559","Decision","7/25/2024","","","Closed Won","Closed"
"006Rj00000BJoVpIAL","Sophia Jackson","Arden Homes","8/14/2024","1/27/2025","North Carolina","","Yes","4","133333","100000","125000","175000","BuilderMT","199.0000000000","144.0000000000","400000","ROI Analysis/Pricing","7/12/2024","","ERP Integration","Closed Lost","Pipeline"
"0068c00000uIKAKAA4","Anthony Dimaggio","",,"4/13/2023","","","Unknown","0","0","","","","","172.0000000000","799.0000000000","0","Prospect","10/24/2022","","No Decision / Non-Responsive","Closed Lost","Pipeline"
"006Rj00000NQKZKIA5","Anthony Dimaggio","Trico Homes",,"11/14/2025","Alberta","Anthony Zuefeldt","Yes","2","0","","","","Home-grown System","2.0000000000","2.0000000000","0","","6/18/2025","","","Validation/Introduction","Pipeline"
"006Rj00000NQKZGIA5","Anthony Dimaggio","Remuda Ltd",,"11/14/2025","","Anthony Zuefeldt","Unqualified","2","0","","","","","2.0000000000","2.0000000000","0","","6/18/2025","","","Validation/Introduction","Pipeline"
"006Rj00000MgU6gIAF","Sophia Jackson","Tri Pointe Group",,"12/4/2025","Nevada","Anthony Zuefeldt","Yes","2","0","","","","","18.0000000000","18.0000000000","0","","6/2/2025","","","Validation/Introduction","Pipeline"
"006Rj00000MV7IHIA1","Carissa Anderson","BOA Builders",,"10/25/2025","Colorado","Anthony Zuefeldt","Yes","1","0","","","","MarkSystems","23.0000000000","23.0000000000","0","","5/28/2025","","","Validation/Introduction","Pipeline"
"006Rj00000MSFdlIAH","Sam Nichols","Old World Homes",,"11/8/2025","Ohio","Anthony Zuefeldt","No","1","0","","","","","24.0000000000","24.0000000000","0","","5/27/2025","","","Validation/Introduction","Pipeline"
"006Rj00000MB5ZCIA1","Carissa Anderson","Bothwellco",,"10/16/2025","California","Anthony Zuefeldt","No","1","0","","","","","32.0000000000","32.0000000000","0","","5/19/2025","","","Validation/Introduction","Pipeline"
"006Rj00000LlShVIAV","Carissa Anderson","Trumark Homes","5/8/2025","11/28/2025","California","Anthony Zuefeldt","Yes","4","583333","450000","550000","750000","Constellation - NewStar","44.0000000000","43.0000000000","1750000","","5/7/2025","400","","Discover","Pipeline"
"006Rj00000LHJRzIAP","Carissa Anderson","Vantage Homes","5/7/2025","6/30/2025","Colorado","Anthony Zuefeldt","Yes","5","233333","300000","200000","200000","MarkSystems","57.0000000000","9.0000000000","700000","","4/24/2025","192","","Negotiation/Review","Commit"
"006Rj00000LH1ZvIAL","Carissa Anderson","Arthur Rutenberg Homes",,"9/21/2025","Tennessee","Anthony Zuefeldt","Yes","2","0","","","","Home-grown System","57.0000000000","57.0000000000","0","","4/24/2025","","","Validation/Introduction","Pipeline"
"006Rj00000LGr7WIAT","Sophia Jackson","Hamlet Homes","4/24/2025","5/28/2025","Utah","Anthony Zuefeldt","Yes","1","100000","100000","100000","100000","Constellation","34.0000000000","23.0000000000","300000","Developing Champions","4/24/2025","175","Don't See Value","Closed Lost","Pipeline"
"006Rj00000LGp2TIAT","Sophia Jackson","Touchstone Living","4/24/2025","5/8/2025","Nevada","Anthony Zuefeldt","No","9","400000","400000","400000","400000","Constellation - NewStar","14.0000000000","43.0000000000","1200000","Discover","4/24/2025","500","Don't See Value","Closed Lost","Pipeline"
"006Rj00000KqWxNIAV","Sophia Jackson","Choice Builders Group (Epcon)","4/11/2025","5/6/2025","Utah","Anthony Zuefeldt","Yes","2","75000","75000","75000","","BuilderTrend","25.0000000000","45.0000000000","150000","Negotiation/Review","4/11/2025","","","Closed Won","Closed"
"006Rj00000Kp70jIAB","Anthony Dimaggio","Cedarglen Homes",,"11/11/2025","Alberta","Anthony Zuefeldt","Yes","5","491667","350000","500000","625000","Constellation","71.0000000000","71.0000000000","1475000","","4/10/2025","500","","Validation/Introduction","Pipeline"
"006Rj00000KhUfGIAV","Anthony Dimaggio","MN Custom Homes","5/28/2025","9/26/2025","Washington","Anthony Zuefeldt","No","1","258333","175000","250000","350000","QuickBooks","74.0000000000","23.0000000000","775000","","4/7/2025","","","Discover","Pipeline"
"006Rj00000Jd3HdIAJ","Sam Nichols","OLO Builders","3/17/2025","6/9/2025","Utah","Anthony Zuefeldt","Yes","3","303333","210000","350000","350000","BuilderTrend","94.0000000000","11.0000000000","910000","Developing Champions","3/7/2025","","Bad Timing","Closed Lost","Pipeline"
"006Rj00000JcxQlIAJ","Jack Alla","Schneider Custom Homes","3/7/2025","6/5/2025","Nebraska","Anthony Zuefeldt","No","3","113333","100000","115000","125000","BuilderTrend","90.0000000000","15.0000000000","340000","Discover","3/7/2025","99","No Decision / Non-Responsive","Closed Lost","Pipeline"
"006Rj00000JWQUIIA5","Anthony Dimaggio","Hayden Homes","3/4/2025","9/30/2025","Oregon","Anthony Zuefeldt","Yes","7","916667","550000","850000","1350000","Kova","108.0000000000","31.0000000000","2750000","","3/4/2025","501","","Developing Champions","Upside"
"006Rj00000JAQ7yIAH","Anthony Dimaggio","Calbridge Homes","2/21/2025","4/25/2025","Alberta","Anthony Zuefeldt","Yes","6","285000","285000","285000","285000","Hyphen - BuildPro","63.0000000000","56.0000000000","855000","Negotiation/Review","2/21/2025","","","Closed Won","Closed"
"006Rj00000IuZLhIAN","Carissa Anderson","Vanguard Homes (Colorado)",,"12/30/2025","Colorado","Anthony Zuefeldt","Yes","2","0","","","","","127.0000000000","127.0000000000","0","","2/13/2025","","","Validation/Introduction","Pipeline"
"006Rj00000IXzqRIAT","Anthony Dimaggio","Homes By Avi Inc","2/5/2025","6/30/2025","Alberta","Anthony Zuefeldt","Yes","17","684500","450000","550000","750000","Home-grown System","135.0000000000","31.0000000000","2738000","","2/5/2025","1000","","ROI Analysis/Pricing","Commit"
"006Rj00000HlBJBIA3","Carissa Anderson","View Homes",,"11/28/2025","Colorado","Anthony Zuefeldt","Unqualified","7","0","","","","JD Edwards","154.0000000000","154.0000000000","0","","1/17/2025","1500","","Validation/Introduction","Pipeline"
"006Rj00000GWIQPIA5","Anthony Dimaggio","Fieldstone Homes","12/13/2024","3/4/2025","Utah","Anthony Zuefeldt","Yes","1","150000","150000","150000","150000","BuilderTrend","81.0000000000","108.0000000000","450000","Discover","12/13/2024","275","Bad Timing","Closed Lost","Pipeline"
"006Rj00000FdXd2IAF","Carissa Anderson","BOA Builders","11/15/2024","12/5/2024","Colorado","Anthony Zuefeldt","Yes","1","101667","80000","100000","125000","MarkSystems","20.0000000000","197.0000000000","305000","Discover","11/15/2024","","Don't See Value","Closed Lost","Pipeline"
"006Rj00000F2f4rIAB","Anthony Dimaggio","MonteVista Homes","10/28/2024","11/27/2024","Oregon","Anthony Zuefeldt","Yes","2","158000","174000","150000","150000","MarkSystems","30.0000000000","205.0000000000","474000","Negotiation/Review","10/28/2024","","","Closed Won","Closed"
"006Rj00000Ev7JFIAZ","Anthony Dimaggio","Creative Homes","11/7/2024","2/7/2025","Minnesota","Anthony Zuefeldt","Yes","35","300000","200000","300000","400000","Brix","106.0000000000","133.0000000000","900000","ROI Analysis/Pricing","10/24/2024","250","","Closed Won","Closed"
"006Rj00000Ei81qIAB","Anthony Dimaggio","Trico Homes","10/18/2024","2/21/2025","Alberta","Anthony Zuefeldt","Yes","75","575000","325000","550000","850000","Home-grown System","126.0000000000","119.0000000000","1725000","Discover","10/18/2024","","Bad Timing","Closed Lost","Pipeline"
"006Rj00000DkrgBIAR","Anthony Dimaggio","Shane Homes Group of Companies",,"9/30/2025","Alberta","Anthony Zuefeldt","Yes","10","455000","275000","425000","665000","Homefront","273.0000000000","273.0000000000","1365000","","9/20/2024","","","Validation/Introduction","Pipeline"
"006Rj00000AttiuIAB","Carissa Anderson","Abrazo Homes","11/21/2024","12/20/2024","New Mexico","Anthony Zuefeldt","Yes","36","150000","125000","150000","175000","MarkSystems","172.0000000000","182.0000000000","450000","Discover","7/1/2024","210","No Decision / Non-Responsive","Closed Lost","Pipeline"
"006Rj00000AU7spIAD","Anthony Dimaggio","Silverthorne Homebuilders","6/21/2024","4/12/2025","Illinois","Anthony Zuefeldt","Yes","5","189746","145470","194269","229500","Homefront","296.0000000000","69.0000000000","569239","Negotiation/Review","6/21/2024","","","Closed Won","Closed"
"006Rj00000AORPVIA5","Sam Nichols","OLO Builders","6/18/2024","9/20/2024","Utah","Anthony Zuefeldt","Yes","1","233333","150000","250000","300000","BuilderTrend","94.0000000000","273.0000000000","700000","Developing Champions","6/18/2024","","Don't See Value","Closed Lost","Pipeline"
"006Rj000009lqHJIAY","Carissa Anderson","Porch Swing Homes","5/31/2024","11/15/2024","Florida","Anthony Zuefeldt","Yes","1","121667","100000","125000","140000","BuilderMT","168.0000000000","217.0000000000","365000","Discover","5/31/2024","","Bad Timing","Closed Lost","Pipeline"
"006Rj0000098a9BIAQ","Carissa Anderson","AR Homes by Arthur Rutenberg","8/14/2024","1/17/2025","Florida","Anthony Zuefeldt","Yes","1","166667","500000","0","0","Home-grown System","248.0000000000","154.0000000000","500000","ROI Analysis/Pricing","5/14/2024","","No Decision / Non-Responsive","Closed Lost","Pipeline"
"006Rj000008gILiIAM","Carissa Anderson","Integrity Homes","5/1/2024","4/3/2025","Colorado","Anthony Zuefeldt","Yes","1","141667","100000","125000","200000","","337.0000000000","78.0000000000","425000","Developing Champions","5/1/2024","","No Decision / Non-Responsive","Closed Lost","Pipeline"
"006Rj000007nH6yIAE","Sophia Jackson","Nilson Homes","4/5/2024","6/14/2024","Utah","Anthony Zuefeldt","Yes","1","325000","325000","325000","325000","BuilderMT","70.0000000000","371.0000000000","975000","Decision","4/5/2024","","","Closed Won","Closed"
"006Rj000006dA5hIAE","Sam Nichols","Hamlet Homes","3/3/2024","6/21/2024","Utah","Anthony Zuefeldt","Yes","1","132000","132000","132000","132000","Constellation","110.0000000000","364.0000000000","396000","Discover","3/3/2024","175","No Budget / Lost Funding","Closed Lost","Pipeline"
"006Rj000005WOAqIAO","Carissa Anderson","Baessler Homes","6/21/2024","6/25/2024","Colorado","Anthony Zuefeldt","Yes","3","150000","100000","150000","200000","MarkSystems","145.0000000000","360.0000000000","450000","Discover","2/1/2024","","Don't See Value","Closed Lost","Pipeline"
"006Rj000005FsusIAC","Kate Walker","A+ Construction & Remodeling","1/26/2024","3/22/2024","California","Anthony Zuefeldt","Yes","1","120000","120000","120000","120000","Home-grown System","56.0000000000","455.0000000000","360000","Decision","1/26/2024","","Disqualified - Other","Closed Lost","Pipeline"
"0068c00000ym62LAAQ","Anthony Dimaggio","Fieldstone Homes","12/15/2023","10/18/2024","Utah","Anthony Zuefeldt","Yes","2","382500","285000","375000","435000","BuilderTrend","308.0000000000","245.0000000000","1530000","Negotiation/Review","12/15/2023","275","No Budget / Lost Funding","Closed Lost","Pipeline"
"0068c00000yloPRAAY","Anthony Dimaggio","Crystal Creek Homes","11/30/2023","12/4/2024","Alberta","Anthony Zuefeldt","Yes","6","172406","137093","174245","205880","Homefront","370.0000000000","198.0000000000","517218","Negotiation/Review","11/30/2023","","","Closed Won","Closed"
"0068c00000ylmv9AAA","Kate Walker","Noyes Development Co","11/29/2023","1/26/2024","Oregon","Anthony Zuefeldt","Yes","1","100000","100000","100000","100000","","58.0000000000","511.0000000000","300000","Decision","11/29/2023","","Don't See Value","Closed Lost","Pipeline"
"0068c00000yliQhAAI","Anthony Dimaggio","Pacific Lifestyle Homes","8/14/2024","4/14/2025","Washington","Anthony Zuefeldt","Yes","7","566817","275000","545000","880450","Constellation - NewStar","508.0000000000","67.0000000000","1700450","Developing Champions","11/23/2023","450","Bad Timing","Closed Lost","Pipeline"
"0068c00000yks6UAAQ","Kate Walker","Kartchner Homes","2/1/2024","3/3/2024","Utah","Anthony Zuefeldt","Yes","1","120000","120000","120000","120000","BuilderTrend","131.0000000000","474.0000000000","360000","Discover","10/24/2023","150","ERP Integration","Closed Lost","Pipeline"
"0068c00000xMxetAAC","Kate Walker","Richfield Homes","9/29/2023","11/7/2023","Colorado","Anthony Zuefeldt","No","1","204167","70000","192500","350000","MarkSystems","39.0000000000","591.0000000000","612500","Discover","9/29/2023","150","Disqualified - Other","Closed Lost","Pipeline"
"0068c00000xMx3RAAS","Kate Walker","De Young Properties","9/28/2023","11/27/2023","California","Anthony Zuefeldt","Yes","1","105000","36000","99000","180000","BuilderMT","60.0000000000","571.0000000000","315000","Discover","9/28/2023","","Don't See Value","Closed Lost","Pipeline"
"0068c00000wTAy6AAG","Kate Walker","New Peak Homes","6/1/2023","10/31/2023","Wyoming","Anthony Zuefeldt","Yes","0","26943","22480","26050","32300","","166.0000000000","595.0000000000","80830","Developing Champions","5/18/2023","","Disqualified - Other","Closed Lost","Pipeline"
"0068c00000wSp5oAAC","Kate Walker","View Homes",,"9/28/2023","Colorado","Anthony Zuefeldt","Unqualified","0","533333","200000","500000","900000","JD Edwards","140.0000000000","631.0000000000","1675000","Prospect","5/11/2023","1500","No Decision / Non-Responsive","Closed Lost","Pipeline"
"0068c00000wSnZzAAK","Anthony Dimaggio","Pahlisch Homes","8/14/2024","7/18/2025","Oregon","Anthony Zuefeldt","Yes","42","766667","400000","950000","950000","Homebuilder One","772.0000000000","31.0000000000","2300000","","5/10/2023","700","","ROI Analysis/Pricing","Likely"
"0068c00000wSnZpAAK","Kate Walker","Visionary Homes","5/10/2023","4/12/2024","Utah","Anthony Zuefeldt","Yes","3","733333","600000","800000","800000","Homebuilder One","338.0000000000","434.0000000000","2200000","Discover","5/10/2023","700","ERP Integration","Closed Lost","Pipeline"
"0068c00000wSnQdAAK","Kate Walker","Meritage Homes","5/18/2023","8/16/2023","Arizona","Anthony Zuefeldt","Yes","0","245000","84000","231000","420000","JD Edwards","98.0000000000","674.0000000000","735000","Discover","5/10/2023","12000","No Decision / Non-Responsive","Closed Lost","Pipeline"
"0068c00000wSkYjAAK","Kate Walker","McCall Homes","5/10/2023","9/27/2023","Montana","Anthony Zuefeldt","Yes","0","80200","52100","71500","98600","","141.0000000000","632.0000000000","370800","Developing Champions","5/9/2023","120","No Budget / Lost Funding","Closed Lost","Pipeline"
"0068c00000wSd8KAAS","Kate Walker","Boulder Creek Neighborhoods","5/9/2023","8/28/2023","Colorado","Anthony Zuefeldt","Yes","3","203513","85350","138100","295300","Constellation","116.0000000000","662.0000000000","814050","Decision","5/4/2023","","","Closed Won","Closed"
"0068c00000vTuHUAA0","Jared Rogers","SnapADU","3/10/2023","3/22/2023","California","Anthony Zuefeldt","Yes","1","81000","48000","75000","120000","","12.0000000000","820.0000000000","263000","Decision","3/10/2023","","","Closed Won","Closed"
"0068c00000vTIC9AAO","Jared Rogers","Massengill Design Build","3/2/2023","6/16/2023","Nevada","Anthony Zuefeldt","Yes","1","81667","50000","75000","120000","","112.0000000000","735.0000000000","295000","Developing Champions","2/24/2023","","Disqualified - Other","Closed Lost","Pipeline"
"0068c00000uiuAPAAY","Kate Walker","John Balfanz Homes","12/16/2022","6/1/2023","California","Anthony Zuefeldt","Yes","0","163333","56000","154000","280000","","167.0000000000","750.0000000000","490000","Prospect","12/16/2022","350","Disqualified - Other","Closed Lost","Pipeline"
"0068c00000uXbAHAA0","Kate Walker","Vantage Homes","6/28/2023","8/15/2023","Colorado","Anthony Zuefeldt","Yes","0","132300","45360","124740","226800","MarkSystems","55.0000000000","675.0000000000","396900","Discover","6/21/2023","192","Don't See Value","Closed Lost","Pipeline"
"0068c00000t5WEeAAM","Kevin Brandon","Garbett Homes",,"8/29/2022","Utah","Anthony Zuefeldt","Yes","0","0","","","","","0.0000000000","1026.0000000000","0","Prospect","8/29/2022","300","No Decision / Non-Responsive","Closed Lost","Pipeline"
"0068c00000rTzE5AAK","Kevin Brandon","Thomas James Homes","7/28/2022","8/29/2022","California","Anthony Zuefeldt","Yes","0","0","","","","","32.0000000000","1026.0000000000","0","Developing Champions","7/28/2022","70","No Decision / Non-Responsive","Closed Lost","Pipeline"
"0068c00000rTAPWAA4","Kevin Brandon","Lexar Homes","7/7/2022","9/9/2022","Washington","Anthony Zuefeldt","Yes","2","100000","100000","","","BuilderTrend","72.0000000000","1015.0000000000","225000","Decision","6/29/2022","400","","Closed Won","Closed"
"0068c00000rSmSKAA0","Kevin Brandon","Blue Heron","6/29/2022","8/26/2022","Nevada","Anthony Zuefeldt","Yes","0","0","","","","","73.0000000000","1029.0000000000","0","Developing Champions","6/14/2022","200","Disqualified - Custom","Closed Lost","Pipeline"
"0068c00000ovSGYAA2","Jared Rogers","Taylor Morrison","4/29/2022","2/24/2023","Arizona","Anthony Zuefeldt","Yes","2","266667","100000","200000","500000","Newstar Constallation w/ Hyphen BuildPro","319.0000000000","750.0000000000","850000","Developing Champions","4/11/2022","13000","No Budget / Lost Funding","Closed Lost","Pipeline"
"0068c00000ovSGXAA2","Kate Walker","Pahlisch Homes",,"5/10/2023","Oregon","Anthony Zuefeldt","Yes","0","0","","","","Homebuilder One","394.0000000000","772.0000000000","0","Discover","4/11/2022","700","No Decision / Non-Responsive","Closed Lost","Pipeline"
"0068c00000ovSGBAA2","Kevin Brandon","Garbett Homes",,"5/30/2022","Utah","Anthony Zuefeldt","Yes","0","0","","","","","49.0000000000","1029.0000000000","0","Prospect","4/11/2022","300","No Decision / Non-Responsive","Closed Lost","Pipeline"
"0068c00000ovSG5AAM","Jared Rogers","Homebound","4/8/2023","8/25/2023","California","Anthony Zuefeldt","Yes","0","183333","100000","150000","300000","","501.0000000000","665.0000000000","550000","Developing Champions","4/11/2022","","ERP Integration","Closed Lost","Pipeline"
"0068c00000ovSFrAAM","Kevin Brandon","Pacific Lifestyle Homes",,"5/16/2022","Washington","Anthony Zuefeldt","Yes","0","0","","","","Constellation - NewStar","35.0000000000","1131.0000000000","0","On Hold","4/11/2022","450","No Decision / Non-Responsive","Closed Lost","Pipeline"
"0068c00000ovSEOAA2","Kate Walker","Century Communities","10/25/2022","5/25/2023","Colorado","Anthony Zuefeldt","Yes","0","223333","50000","120000","500000","Newstar Constallation w/ Hyphen BuildPro","409.0000000000","757.0000000000","670000","Discover","4/11/2022","10000","Disqualified - Other","Closed Lost","Pipeline"
"0068c00000ovSECAA2","Kevin Brandon","Thrive Home Builders",,"5/10/2022","Colorado","Anthony Zuefeldt","Yes","0","0","","","","","29.0000000000","1137.0000000000","0","Decision","4/11/2022","250","ERP Integration","Closed Lost","Pipeline"
"0068c00000ovQ3yAAE","Kevin Brandon","Visionary Homes",,"3/7/2023","Utah","Anthony Zuefeldt","Yes","0","0","","","","Homebuilder One","333.0000000000","836.0000000000","0","Discover","4/8/2022","700","No Decision / Non-Responsive","Closed Lost","Pipeline"
"0068c00000ovQ3PAAU","Anthony Dimaggio","Creative Homes",,"4/13/2023","Minnesota","Anthony Zuefeldt","Yes","0","0","","","","Brix","370.0000000000","799.0000000000","0","Prospect","4/8/2022","250","No Decision / Non-Responsive","Closed Lost","Pipeline"
"0068c00000ovQ39AAE","Kate Walker","Flagship Homes (UT)",,"3/23/2023","Utah","Anthony Zuefeldt","Yes","1","0","","","","","349.0000000000","793.0000000000","0","Prospect","4/8/2022","400","No Decision / Non-Responsive","Closed Lost","Pipeline"
"006Rj00000NQKZFIA5","Anthony Dimaggio","Brookfield Residential Properties",,"11/14/2025","Alberta","Jennifer Hoops","Yes","2","0","","","","Build Pro","2.0000000000","2.0000000000","0","","6/18/2025","2000","","Validation/Introduction","Pipeline"
"006Rj00000NQKZ3IAP","Anthony Dimaggio","Douglas Homes",,"11/14/2025","Alberta","Jennifer Hoops","Yes","3","0","","","","Constellation - NewStar","2.0000000000","2.0000000000","0","","6/18/2025","","","Validation/Introduction","Pipeline"
"006Rj00000NQKYzIAP","Anthony Dimaggio","Hopewell",,"11/14/2025","Alberta","Jennifer Hoops","Yes","2","0","","","","","2.0000000000","2.0000000000","0","","6/18/2025","","","Validation/Introduction","Pipeline"
"006Rj00000NQDh7IAH","Jack Alla","Southwest Sunset Homes",,"11/24/2025","Texas","Jennifer Hoops","No","1","0","","","","","2.0000000000","2.0000000000","0","","6/18/2025","","","Validation/Introduction","Pipeline"
"006Rj00000NN9IbIAL","Sam Nichols","Boone Homes",,"11/23/2025","Virginia","Jennifer Hoops","Yes","1","0","","","","","3.0000000000","3.0000000000","0","","6/17/2025","","","Validation/Introduction","Pipeline"
"006Rj00000N673BIAR","Anthony Dimaggio","Davis Homes, Llc.",,"11/27/2025","Indiana","Jennifer Hoops","No","1","0","","","","","9.0000000000","9.0000000000","0","","6/11/2025","","","Validation/Introduction","Pipeline"
"006Rj00000MdpNqIAJ","Sam Nichols","HHHunt Homes",,"12/31/2025","Virginia","Jennifer Hoops","Yes","1","0","","","","Constellation - NewStar","20.0000000000","20.0000000000","0","","5/31/2025","675","","Validation/Introduction","Pipeline"
"006Rj00000MO81NIAT","Sam Nichols","K. Hovnanian Homes","6/4/2025","10/25/2025","New Jersey","Jennifer Hoops","Yes","1","400000","400000","400000","400000","JD Edwards","27.0000000000","16.0000000000","1200000","","5/24/2025","6500","","Discover","Upside"
"006Rj00000MJ2KnIAL","Sam Nichols","Forbes Capretto Homes",,"8/29/2025","New York","Jennifer Hoops","Yes","1","0","","","","MarkSystems","29.0000000000","29.0000000000","0","","5/22/2025","","","Validation/Introduction","Pipeline"
"006Rj00000LofiEIAR","Anthony Dimaggio","EQ Homes","5/22/2025","7/31/2025","Ontario","Jennifer Hoops","Yes","6","446667","350000","495000","495000","Constellation - NewStar","43.0000000000","23.0000000000","1340000","","5/8/2025","0","","Developing Champions","Upside"
"006Rj00000LjkU1IAJ","Sam Nichols","3 Pillar","5/7/2025","8/29/2025","Ohio","Jennifer Hoops","Yes","1","150000","150000","150000","150000","BuilderTrend","45.0000000000","9.0000000000","450000","","5/6/2025","","","Discover","Upside"
"006Rj00000LjPHWIA3","Jack Alla","First America Homes","5/29/2025","10/16/2025","Texas","Jennifer Hoops","Yes","3","538667","500000","558000","558000","Constellation - NewStar","45.0000000000","22.0000000000","1616000","","5/6/2025","550","","Discover","Upside"
"006Rj00000LZhVpIAL","Sam Nichols","Cristo Homes, Inc.","5/2/2025","6/17/2025","Ohio","Jennifer Hoops","Yes","3","100000","100000","100000","100000","MarkSystems","47.0000000000","3.0000000000","300000","Developing Champions","5/1/2025","150","No Budget / Lost Funding","Closed Lost","Pipeline"
"006Rj00000LZbyIIAT","Sam Nichols","Main Street Homes","5/9/2025","10/31/2025","Virginia","Jennifer Hoops","Yes","2","400000","400000","400000","400000","MarkSystems","50.0000000000","28.0000000000","1200000","","5/1/2025","300","","Validation/Introduction","Pipeline"
"006Rj00000LWQEbIAP","Jack Alla","Newmark Homes",,"10/12/2025","Texas","Jennifer Hoops","Yes","3","0","","","","","51.0000000000","51.0000000000","0","","4/30/2025","400","","Validation/Introduction","Pipeline"
"006Rj00000LGwAPIA1","Jack Alla","LGI Homes","4/24/2025","8/31/2025","Texas","Jennifer Hoops","Yes","1","416667","350000","450000","450000","","57.0000000000","22.0000000000","1250000","","4/24/2025","8000","","Developing Champions","Upside"
"006Rj00000Kpl4dIAB","Sam Nichols","Perrino Design Center","4/29/2025","10/31/2025","Ohio","Jennifer Hoops","No","2","100000","100000","100000","100000","BuilderTrend","70.0000000000","52.0000000000","300000","","4/11/2025","","","Discover","Upside"
"006Rj00000KlY2jIAF","Sam Nichols","Charis Homes","4/29/2025","8/29/2025","Ohio","Jennifer Hoops","No","8","100000","100000","100000","100000","","72.0000000000","52.0000000000","300000","","4/9/2025","","","Discover","Upside"
"006Rj00000KU4aYIAT","Sam Nichols","Beechwood Homes","4/29/2025","6/16/2025","New York","Jennifer Hoops","Yes","3","200000","200000","200000","200000","","76.0000000000","4.0000000000","600000","Discover","4/1/2025","","No Decision / Non-Responsive","Closed Lost","Pipeline"
"006Rj00000KPyyMIAT","Sam Nichols","Eagle Construction of VA","4/25/2025","4/28/2025","Virginia","Jennifer Hoops","Yes","1","200000","200000","200000","200000","MarkSystems","28.0000000000","53.0000000000","600000","Discover","3/31/2025","","No Decision / Non-Responsive","Closed Lost","Pipeline"
"006Rj00000JpDrVIAV","Sophia Jackson","Empire Communities Inc","3/25/2025","10/29/2025","Georgia","Jennifer Hoops","Yes","13","400000","400000","400000","400000","Constellation - NewStar","99.0000000000","70.0000000000","1200000","","3/13/2025","675","","Developing Champions","Upside"
"006Rj00000Jd0oPIAR","Sam Nichols","Jagoe Homes","3/13/2025","10/31/2025","Kentucky","Jennifer Hoops","Yes","3","333333","250000","350000","400000","MarkSystems","105.0000000000","29.0000000000","1000000","","3/7/2025","500","","Developing Champions","Upside"
"006Rj00000JcsndIAB","Sam Nichols","Rockford Homes","3/11/2025","6/9/2025","Ohio","Jennifer Hoops","Yes","1","225000","200000","225000","250000","MarkSystems","94.0000000000","11.0000000000","675000","Discover","3/7/2025","","No Decision / Non-Responsive","Closed Lost","Pipeline"
"006Rj00000JccfeIAB","Jack Alla","Scott Felder Homes LLC","5/1/2025","5/29/2025","Texas","Jennifer Hoops","Yes","3","183333","150000","200000","200000","Home-grown System","83.0000000000","22.0000000000","550000","Discover","3/7/2025","","Stakeholders Not Engaged","Closed Lost","Pipeline"
"006Rj00000Jbi2LIAR","Anthony Dimaggio","Excel Homes",,"11/21/2025","Alberta","Jennifer Hoops","Yes","5","500000","350000","500000","650000","Hyphen - BuildPro and BRIX","106.0000000000","106.0000000000","1500000","","3/6/2025","500","","Validation/Introduction","Pipeline"
"006Rj00000JWS9VIAX","Anthony Dimaggio","Lombardo Homes","3/25/2025","8/29/2025","Michigan","Jennifer Hoops","Yes","10","455763","354250","450540","562500","Constellation","108.0000000000","31.0000000000","1367290","","3/4/2025","320","","Developing Champions","Upside"
"006Rj00000JWRa2IAH","Anthony Dimaggio","Meadowbrook Builders","3/4/2025","7/31/2025","Illinois","Jennifer Hoops","No","1","147290","102450","147540","191880","Home-grown System","108.0000000000","73.0000000000","441870","","3/4/2025","","","ROI Analysis/Pricing","Upside"
"006Rj00000HiQbLIAV","Sam Nichols","Landmark Homes","1/16/2025","3/7/2025","Pennsylvania","Jennifer Hoops","Yes","6","450000","400000","450000","500000","Homefront","50.0000000000","105.0000000000","1350000","Discover","1/16/2025","","Bad Timing","Closed Lost","Pipeline"
"006Rj00000FXs94IAD","Sam Nichols","M/I Homes (corporate office)","12/5/2024","7/31/2025","Ohio","Jennifer Hoops","Yes","20","400000","400000","400000","400000","JD Edwards","219.0000000000","107.0000000000","1200000","","11/13/2024","8500","","Developing Champions","Upside"
"006Rj00000FMkGYIA1","Sam Nichols","Legacy Design Homes / Denlinger & Sons","11/15/2024","12/11/2024","Ohio","Jennifer Hoops","Yes","1","118333","105000","125000","125000","BuilderTrend","34.0000000000","191.0000000000","355000","Negotiation/Review","11/7/2024","","","Closed Won","Closed"
"006Rj00000FBCYHIA5","Jack Alla","Telesis Homes","11/1/2024","11/26/2024","Texas","Jennifer Hoops","Yes","1","208333","125000","250000","250000","BuilderTrend","25.0000000000","206.0000000000","625000","Negotiation/Review","11/1/2024","","","Closed Won","Closed"
"006Rj00000F20T7IAJ","Anthony Dimaggio","Skogman Homes","10/28/2024","2/5/2025","Iowa","Jennifer Hoops","Yes","1","194511","158202","191880","233450","Sage","100.0000000000","135.0000000000","583532","Developing Champions","10/28/2024","","Bad Timing","Closed Lost","Pipeline"
"006Rj00000F1J4nIAF","Sam Nichols","Stateson Homes","1/10/2025","6/9/2025","Virginia","Jennifer Hoops","Yes","3","300000","250000","300000","350000","Hyphen - BuildPro and BRIX","224.0000000000","11.0000000000","900000","Discover","10/28/2024","","No Decision / Non-Responsive","Closed Lost","Pipeline"
"006Rj00000ERfmzIAD","Sam Nichols","Rockford Homes","12/13/2024","2/12/2025","Ohio","Jennifer Hoops","Yes","4","150000","150000","150000","150000","MarkSystems","125.0000000000","128.0000000000","450000","Discover","10/10/2024","","No Decision / Non-Responsive","Closed Lost","Pipeline"
"006Rj00000EJxp7IAD","Sam Nichols","Evergreene Homes","10/17/2024","5/29/2025","Virginia","Jennifer Hoops","Yes","9","373333","360000","360000","400000","Home-grown System","234.0000000000","22.0000000000","1120000","Negotiation/Review","10/7/2024","150","","Closed Won","Closed"
"006Rj00000Dk3RfIAJ","Jack Alla","Scott Felder Homes LLC","12/5/2024","12/13/2024","Texas","Jennifer Hoops","Yes","3","283333","150000","250000","450000","Home-grown System","84.0000000000","189.0000000000","850000","Discover","9/20/2024","","Don't See Value","Closed Lost","Pipeline"
"006Rj00000DQ7HhIAL","Sam Nichols","HHHunt Homes","10/18/2024","12/13/2024","Virginia","Jennifer Hoops","Yes","1","175000","150000","175000","200000","Constellation - NewStar","93.0000000000","189.0000000000","525000","Discover","9/11/2024","675","No Decision / Non-Responsive","Closed Lost","Pipeline"
"006Rj00000CUeXNIA1","Jack Alla","Brightland Homes [HQ]","8/14/2024","10/10/2024","Texas","Jennifer Hoops","Yes","2","179667","61600","169400","308000","JD Edwards","57.0000000000","253.0000000000","539000","Developing Champions","8/14/2024","","Don't See Value","Closed Lost","Pipeline"
"006Rj00000CDM5RIAX","Anthony Dimaggio","Pyatt Builders [ACQUIRED]","8/6/2024","7/31/2024","Indiana","Jennifer Hoops","Yes","1","-123685","0","-93235","-175387","Constellation","0.0000000000","318.0000000000","-494741","Discover","8/6/2024","200","","Closed Won","Closed"
"006Rj000009lH0EIAU","Jack Alla","Simply Home by Camillo","5/31/2024","8/30/2024","Texas","Jennifer Hoops","Yes","1","800000","800000","800000","800000","JD Edwards","91.0000000000","294.0000000000","2400000","Discover","5/31/2024","3000","Bad Timing","Closed Lost","Pipeline"
"006Rj000009SwK2IAK","Anthony Dimaggio","Great Gulf","1/17/2025","3/25/2025","Ontario","Jennifer Hoops","Yes","16","575000","325000","550000","850000","Homebuilder One","307.0000000000","87.0000000000","1725000","Discover","5/22/2024","","No Decision / Non-Responsive","Closed Lost","Pipeline"
"006Rj000009SsgFIAS","Anthony Dimaggio","Verity Homes","5/22/2024","9/20/2024","North Dakota","Jennifer Hoops","Yes","3","204111","164254","202322","245756","BuilderTrend","121.0000000000","273.0000000000","612332","Negotiation/Review","5/22/2024","100","No Decision / Non-Responsive","Closed Lost","Pipeline"
"006Rj000009BemZIAS","Anthony Dimaggio","Sterling Homes Calgary","5/15/2024","8/28/2024","Alberta","Jennifer Hoops","Yes","1","250000","150000","250000","350000","Constellation - NewStar","105.0000000000","296.0000000000","750000","Discover","5/15/2024","400","Bad Timing","Closed Lost","Pipeline"
"006Rj000009B9E6IAK","Sam Nichols","Mid-Atlantic Builders","5/15/2024","11/14/2024","Maryland","Jennifer Hoops","Yes","6","160000","130000","165000","185000","Kova","183.0000000000","218.0000000000","480000","Negotiation/Review","5/15/2024","","","Closed Won","Closed"
"006Rj000008lL9FIAU","Anthony Dimaggio","Douglas Homes","5/3/2024","10/14/2024","Alberta","Jennifer Hoops","Yes","3","283833","175000","240048","436450","Constellation - NewStar","164.0000000000","249.0000000000","851498","Discover","5/3/2024","","No Budget / Lost Funding","Closed Lost","Pipeline"
"006Rj000008MmsbIAC","Anthony Dimaggio","Heritage Homes","8/14/2024","9/20/2024","North Dakota","Jennifer Hoops","Yes","3","204169","152887","204930","254690","MarkSystems","151.0000000000","273.0000000000","612507","Developing Champions","4/22/2024","100","No Decision / Non-Responsive","Closed Lost","Pipeline"
"006Rj000008GtqMIAS","Jack Alla","Milestone Community Builders","4/19/2024","8/14/2024","Texas","Jennifer Hoops","Yes","8","316667","250000","350000","350000","","117.0000000000","310.0000000000","950000","Discover","4/19/2024","650","No Decision / Non-Responsive","Closed Lost","Pipeline"
"006Rj0000080JakIAE","Anthony Dimaggio","Losani Homes Ltd.","4/11/2024","9/13/2024","Ontario","Jennifer Hoops","Yes","2","420833","170000","467500","625000","Homebuilder One","155.0000000000","280.0000000000","1262500","Discover","4/11/2024","","Bad Timing","Closed Lost","Pipeline"
"006Rj000007s6M9IAI","Anthony Dimaggio","Sage Homes Iowa","4/8/2024","5/24/2024","Iowa","Jennifer Hoops","Yes","1","239992","187402","233884","298690","Home-grown System","46.0000000000","392.0000000000","719976","Develop","4/8/2024","","","Closed Won","Closed"
"006Rj000007nbOzIAI","Jade Shelton","Aspen Grey Homes","4/5/2024","5/15/2024","Texas","Jennifer Hoops","Yes","3","100000","100000","100000","100000","","40.0000000000","401.0000000000","300000","Discover","4/5/2024","50","Disqualified - Other","Closed Lost","Pipeline"
"006Rj000007gx7hIAA","Anthony Dimaggio","Elevated Builders","4/2/2024","9/13/2024","Iowa","Jennifer Hoops","Unqualified","1","106245","83450","106554","128731","","164.0000000000","280.0000000000","318735","Discover","4/2/2024","","No Decision / Non-Responsive","Closed Lost","Pipeline"
"006Rj000007gCiVIAU","Anthony Dimaggio","Mattamy Homes","4/2/2024","10/18/2024","Ontario","Jennifer Hoops","Yes","2","440000","250000","375000","695000","JD Edwards","199.0000000000","245.0000000000","1320000","Developing Champions","4/2/2024","4200","Don't See Value","Closed Lost","Pipeline"
"006Rj000007frM5IAI","Jade Shelton","Reece Homes","4/2/2024","5/23/2024","Texas","Jennifer Hoops","Yes","3","100000","150000","75000","75000","Homefront","51.0000000000","393.0000000000","300000","Developing Champions","4/2/2024","","No Budget / Lost Funding","Closed Lost","Pipeline"
"006Rj000007XZpNIAW","Sam Nichols","Cristo Homes, Inc.","3/28/2024","6/13/2024","Ohio","Jennifer Hoops","Yes","1","100000","100000","100000","100000","MarkSystems","77.0000000000","372.0000000000","300000","Developing Champions","3/28/2024","150","No Decision / Non-Responsive","Closed Lost","Pipeline"
"006Rj000007X4wrIAC","Sam Nichols","Toll Brothers, Inc.","3/28/2024","11/1/2024","Pennsylvania","Jennifer Hoops","Yes","7","150000","150000","150000","150000","JD Edwards","218.0000000000","231.0000000000","450000","Developing Champions","3/28/2024","9500","Bad Timing","Closed Lost","Pipeline"
"006Rj000007HmIkIAK","Anthony Dimaggio","Rock Creek Homes","3/21/2024","9/24/2024","Michigan","Jennifer Hoops","No","1","133092","107880","138442","152954","Home-grown System","187.0000000000","269.0000000000","399276","Negotiation/Review","3/21/2024","","","Closed Won","Closed"
"006Rj000007HZVBIA4","Sam Nichols","Ashburn Homes","3/21/2024","7/19/2024","Delaware","Jennifer Hoops","Yes","2","128333","115000","135000","135000","MarkSystems","120.0000000000","336.0000000000","385000","Decision","3/21/2024","","","Closed Won","Closed"
"006Rj000007CoptIAC","Anthony Dimaggio","Ashlar Homes","3/19/2024","6/28/2024","Missouri","Jennifer Hoops","Yes","1","170252","154088","169219","187450","BuilderTrend","101.0000000000","357.0000000000","510757","Decision","3/19/2024","125","","Closed Won","Closed"
"006Rj000007AZtJIAW","Anthony Dimaggio","Panther Builders","3/18/2024","5/1/2024","Iowa","Jennifer Hoops","No","1","85020","69654","88552","96853","BuilderTrend","44.0000000000","415.0000000000","255059","Decision","3/18/2024","","","Closed Won","Closed"
"006Rj0000071hgQIAQ","Sam Nichols","Bishard Development Corp","3/14/2024","12/13/2024","Virginia","Jennifer Hoops","Yes","3","250000","225000","250000","275000","MarkSystems","274.0000000000","189.0000000000","750000","Developing Champions","3/14/2024","","Bad Timing","Closed Lost","Pipeline"
"006Rj0000071VLuIAM","Sam Nichols","Berks Homes","3/14/2024","9/3/2024","Pennsylvania","Jennifer Hoops","Yes","2","500000","450000","500000","550000","Homefront","173.0000000000","290.0000000000","1500000","Developing Champions","3/14/2024","400","Bad Timing","Closed Lost","Pipeline"
"006Rj000006zPxJIAU","Anthony Dimaggio","TR Hughes Homes","8/14/2024","9/13/2024","Missouri","Jennifer Hoops","Yes","2","139909","107152","135713","158386","MarkSystems","184.0000000000","280.0000000000","559637","ROI Analysis/Pricing","3/13/2024","","Bad Timing","Closed Lost","Pipeline"
"006Rj000006zLaNIAU","Anthony Dimaggio","Summit Custom Homes","3/13/2024","5/23/2024","Missouri","Jennifer Hoops","Yes","1","346320","185650","319430","533880","Kova","71.0000000000","393.0000000000","1038960","Developing Champions","3/13/2024","","Disqualified - Other","Closed Lost","Pipeline"
"006Rj000006zLKFIA2","Sam Nichols","Landmark Homes","3/13/2024","9/20/2024","Pennsylvania","Jennifer Hoops","Yes","1","150000","150000","150000","150000","Homefront","191.0000000000","273.0000000000","450000","Developing Champions","3/13/2024","","Bad Timing","Closed Lost","Pipeline"
"006Rj000006xTQkIAM","Jack Alla","Couto Homes","11/13/2024","5/1/2025","Texas","Jennifer Hoops","Yes","4","150000","150000","150000","150000","Home-grown System","415.0000000000","50.0000000000","450000","Developing Champions","3/12/2024","","Stakeholders Not Engaged","Closed Lost","Pipeline"
"006Rj000006uxmjIAA","Sam Nichols","K. Hovnanian Homes","4/19/2024","11/1/2024","New Jersey","Jennifer Hoops","Yes","4","400000","400000","400000","400000","JD Edwards","235.0000000000","231.0000000000","1200000","Developing Champions","3/11/2024","6500","Bad Timing","Closed Lost","Pipeline"
"006Rj000006paZ4IAI","Jade Shelton","Newmark Homes","3/8/2024","5/9/2024","Texas","Jennifer Hoops","Yes","1","133200","64800","118800","216000","","62.0000000000","407.0000000000","399600","Discover","3/8/2024","400","No Decision / Non-Responsive","Closed Lost","Pipeline"
"006Rj000006pWP1IAM","Jade Shelton","HistoryMaker Homes","3/8/2024","5/7/2024","Texas","Jennifer Hoops","Yes","2","650000","600000","650000","700000","Constellation","60.0000000000","409.0000000000","1950000","Decision","3/8/2024","1200","","Closed Won","Closed"
"006Rj000006mgSvIAI","Sam Nichols","Marrano Homes - Marc Equity Corp","8/6/2024","9/3/2024","New York","Jennifer Hoops","Yes","1","175000","175000","175000","175000","Constellation - NewStar","180.0000000000","290.0000000000","525000","Developing Champions","3/7/2024","225","ERP Integration","Closed Lost","Pipeline"
"006Rj000006lbYYIAY","Anthony Dimaggio","Halen Homes","8/14/2024","9/20/2024","Wisconsin","Jennifer Hoops","No","2","104638","87921","106440","119554","BuilderTrend","198.0000000000","273.0000000000","313915","ROI Analysis/Pricing","3/6/2024","","Bad Timing","Closed Lost","Pipeline"
"006Rj000006laWDIAY","Anthony Dimaggio","Eastbrook Homes","3/6/2024","5/31/2024","Michigan","Jennifer Hoops","Yes","1","375000","200000","375000","550000","Constellation - NewStar","86.0000000000","385.0000000000","1125000","Discover","3/6/2024","400","ERP Integration","Closed Lost","Pipeline"
"006Rj000006d9zGIAQ","Anthony Dimaggio","Adair Homes","3/3/2024","9/13/2024","Washington","Jennifer Hoops","No","2","420000","420000","420000","420000","MarkSystems","194.0000000000","280.0000000000","1260000","Discover","3/3/2024","600","Bad Timing","Closed Lost","Pipeline"
"0068c00000ymY6NAAU","Anthony Dimaggio","Wormald Development Company","1/18/2024","5/23/2024","Maryland","Jennifer Hoops","Yes","2","133333","75000","125000","200000","Homefront","126.0000000000","393.0000000000","400000","Developing Champions","1/18/2024","","Don't See Value","Closed Lost","Pipeline"
"0068c00000ymY6MAAU","Anthony Dimaggio","Wayne Homes","1/18/2024","5/23/2024","Ohio","Jennifer Hoops","Yes","1","415329","205000","345987","695000","BuilderMT","126.0000000000","393.0000000000","1245987","Developing Champions","1/18/2024","600","Don't See Value","Closed Lost","Pipeline"
"0068c00000ym8T1AAI","Anthony Dimaggio","STK Homes","12/18/2023","7/17/2024","Oklahoma","Jennifer Hoops","Yes","3","122500","85000","125000","157500","MarkSystems","212.0000000000","338.0000000000","367500","Discover","12/18/2023","600","No Decision / Non-Responsive","Closed Lost","Pipeline"
"0068c00000ym5e7AAA","Di Borejsza","SIDAR Builders","12/14/2023","1/23/2024","Texas","Jennifer Hoops","Yes","1","50000","50000","50000","50000","","40.0000000000","514.0000000000","150000","Discover","12/14/2023","","Don't See Value","Closed Lost","Pipeline"
"0068c00000ylt1cAAA","Jade Shelton","Simply Home by Camillo","12/6/2023","5/23/2024","Texas","Jennifer Hoops","Yes","2","800000","800000","800000","800000","JD Edwards","169.0000000000","393.0000000000","2400000","Discover","12/6/2023","3000","No Decision / Non-Responsive","Closed Lost","Pipeline"
"0068c00000ylkQ3AAI","Anthony Dimaggio","JTB Homes","8/14/2024","9/13/2024","Michigan","Jennifer Hoops","Yes","2","256250","187500","187500","325000","MarkSystems","291.0000000000","280.0000000000","1025000","Developing Champions","11/27/2023","250","ERP Integration","Closed Lost","Pipeline"
"0068c00000ylk7XAAQ","Jade Shelton","Hedgefield Homes","11/27/2023","4/5/2024","Texas","Jennifer Hoops","Yes","1","66667","50000","75000","75000","","130.0000000000","441.0000000000","200000","Discover","11/27/2023","30","Disqualified - Other","Closed Lost","Pipeline"
"0068c00000yljoLAAQ","Jack Alla","David Weekley Homes","12/2/2024","2/14/2025","Texas","Jennifer Hoops","Yes","3","250000","250000","","","JD Edwards","445.0000000000","126.0000000000","250000","Discover","11/27/2023","5600","Bad Timing","Closed Lost","Pipeline"
"0068c00000yljlvAAA","Jade Shelton","Trophy Signature Homes","11/27/2023","3/29/2024","Texas","Jennifer Hoops","Yes","3","787500","270000","742500","1350000","","123.0000000000","448.0000000000","2412500","Discover","11/27/2023","","No Decision / Non-Responsive","Closed Lost","Pipeline"
"0068c00000yliQNAAY","Kate Walker","EGStoltzfus Homes","11/23/2023","4/30/2024","Pennsylvania","Jennifer Hoops","Yes","1","200000","200000","200000","200000","MarkSystems","159.0000000000","416.0000000000","600000","Decision","11/23/2023","135","","Closed Won","Closed"
"0068c00000yl06iAAA","Anthony Dimaggio","Sterling Homes Calgary","11/3/2023","5/15/2024","Alberta","Jennifer Hoops","Yes","1","465313","147000","404250","735000","Constellation - NewStar","194.0000000000","401.0000000000","1891250","Discover","11/3/2023","400","Lost to Competitor","Closed Lost","Pipeline"
"0068c00000xNOI7AAO","Anthony Dimaggio","Bishard Development Corp","10/13/2023","11/28/2023","Virginia","Jennifer Hoops","Yes","","114333","39200","107800","196000","MarkSystems","46.0000000000","570.0000000000","343000","Discover","10/13/2023","","No Decision / Non-Responsive","Closed Lost","Pipeline"
"0068c00000xNOHxAAO","Jade Shelton","Stylecraft Builders","10/13/2023","3/29/2024","Texas","Jennifer Hoops","Yes","4","306250","105000","288750","525000","","168.0000000000","448.0000000000","918750","Discover","10/13/2023","1000","No Decision / Non-Responsive","Closed Lost","Pipeline"
"0068c00000xMm3iAAC","Sam Nichols","Schumacher Homes","9/27/2023","7/30/2024","Ohio","Jennifer Hoops","Yes","3","317500","285000","350000","","Constellation","312.0000000000","325.0000000000","635000","Decision","9/22/2023","1000","","Closed Won","Closed"
"0068c00000xMNMgAAO","Anthony Dimaggio","Havyn Homes","9/12/2023","10/11/2023","Indiana","Jennifer Hoops","Yes","1","49393","46385","52400","","MarkSystems","29.0000000000","618.0000000000","98785","Developing Champions","9/12/2023","","Disqualified - Other","Closed Lost","Pipeline"
"0068c00000xMJsdAAG","Anthony Dimaggio","Insight Homes","9/8/2023","12/18/2023","Delaware","Jennifer Hoops","Yes","1","130667","44800","123200","224000","","101.0000000000","550.0000000000","422000","Discover","9/8/2023","200","No Decision / Non-Responsive","Closed Lost","Pipeline"
"0068c00000xMB73AAG","Anthony Dimaggio","Empire Communities Inc","9/27/2023","8/26/2024","Georgia","Jennifer Hoops","Yes","4","212500","75000","150000","275000","Constellation - NewStar","360.0000000000","298.0000000000","895000","Discover","9/1/2023","675","No Decision / Non-Responsive","Closed Lost","Pipeline"
"0068c00000xM2ueAAC","Anthony Dimaggio","Capstone Homes","8/24/2023","11/28/2023","Delaware","Jennifer Hoops","Yes","2","60108","27290","55635","97400","","96.0000000000","570.0000000000","200325","Decision","8/24/2023","","Don't See Value","Closed Lost","Pipeline"
"0068c00000xM2tvAAC","Rick Caldwell","Tilson Homes","8/31/2023","10/18/2023","Texas","Jennifer Hoops","Yes","2","621633","292600","589800","982500","MarkSystems","55.0000000000","611.0000000000","1864900","Decision","8/24/2023","700","","Closed Won","Closed"
"0068c00000xM2tcAAC","Anthony Dimaggio","Eddy Homes","8/24/2023","1/30/2024","Pennsylvania","Jennifer Hoops","Yes","2","114500","110750","118250","","MarkSystems","159.0000000000","506.0000000000","229000","Decision","8/24/2023","50","","Closed Won","Closed"
"0068c00000xLt22AAC","Jack Alla","Esperanza Homes","8/14/2024","8/30/2024","Texas","Jennifer Hoops","Yes","3","300000","300000","300000","300000","MarkSystems","380.0000000000","294.0000000000","1240000","Discover","8/16/2023","500","ERP Integration","Closed Lost","Pipeline"
"0068c00000xLSfPAAW","Anthony Dimaggio","Thomsen Homes LLC","8/3/2023","8/31/2023","North Dakota","Jennifer Hoops","Yes","2","115554","37965","84974","154623","","28.0000000000","659.0000000000","492216","Discover","8/3/2023","","ERP Integration","Closed Lost","Pipeline"
"0068c00000xLSe7AAG","Anthony Dimaggio","McBride Homes","8/3/2023","8/16/2023","Missouri","Jennifer Hoops","Yes","1","401250","112000","308000","560000","","13.0000000000","674.0000000000","1655000","Discover","8/3/2023","900","No Budget / Lost Funding","Closed Lost","Pipeline"
"0068c00000wTGzvAAG","Rick Caldwell","Tuskes Homes",,"9/22/2023","Pennsylvania","Jennifer Hoops","Yes","0","0","","","","MarkSystems","126.0000000000","637.0000000000","0","Prospect","5/19/2023","","No Decision / Non-Responsive","Closed Lost","Pipeline"
"0068c00000wSp5ZAAS","Rick Caldwell","Shaddock Homes","5/26/2023","9/5/2023","Texas","Jennifer Hoops","Yes","1","256200","198600","204600","365400","Brix","117.0000000000","644.0000000000","768600","Decision","5/11/2023","","","Closed Won","Closed"
"0068c00000wSp50AAC","Rick Caldwell","McKee Builders","5/12/2023","9/22/2023","Pennsylvania","Jennifer Hoops","Yes","0","210000","72000","198000","360000","MarkSystems","134.0000000000","637.0000000000","680000","Discover","5/11/2023","200","No Decision / Non-Responsive","Closed Lost","Pipeline"
"0068c00000wSp4HAAS","Rick Caldwell","Caruso Homes","5/19/2023","9/22/2023","Maryland","Jennifer Hoops","Yes","1","326667","112000","308000","560000","BuilderMT","134.0000000000","637.0000000000","1045000","Discover","5/11/2023","500","No Decision / Non-Responsive","Closed Lost","Pipeline"
"0068c00000wSnS5AAK","Kate Walker","Clay Residential","5/10/2023","9/28/2023","Texas","Jennifer Hoops","Yes","0","183750","63000","173250","315000","","141.0000000000","631.0000000000","551250","Prospect","5/10/2023","","No Decision / Non-Responsive","Closed Lost","Pipeline"
"0068c00000wScn0AAC","Anthony Dimaggio","Trendsetter Homes","5/4/2023","10/11/2023","Missouri","Jennifer Hoops","Yes","1","127378","49425","113650","162184","MarkSystems","160.0000000000","618.0000000000","541011","Developing Champions","5/4/2023","","No Budget / Lost Funding","Closed Lost","Pipeline"
"0068c00000vluIuAAI","Jade Shelton","CastleRock Communities","4/12/2024","5/23/2024","Texas","Jennifer Hoops","Yes","5","275000","250000","300000","","Constellation - NewStar","400.0000000000","393.0000000000","600000","Discover","4/19/2023","1500","No Decision / Non-Responsive","Closed Lost","Pipeline"
"0068c00000vlmoSAAQ","Rick Caldwell","Corinth Residential","4/29/2023","8/31/2023","Virginia","Jennifer Hoops","Yes","1","102800","48000","92400","168000","","136.0000000000","659.0000000000","328400","Discover","4/17/2023","","No Decision / Non-Responsive","Closed Lost","Pipeline"
"0068c00000vlmoRAAQ","Rick Caldwell","Impression Homes","5/5/2023","11/3/2023","Texas","Jennifer Hoops","Yes","2","326667","112000","308000","560000","","200.0000000000","595.0000000000","980000","Discover","4/17/2023","850","No Decision / Non-Responsive","Closed Lost","Pipeline"
"0068c00000vliPLAAY","Anthony Dimaggio","Core Spaces LLC","4/25/2023","10/18/2023","Illinois","Jennifer Hoops","Yes","6","497611","264825","312379","669488","Brix","188.0000000000","611.0000000000","1990442","Decision","4/13/2023","","","Closed Won","Closed"
"0068c00000vliPBAAY","Anthony Dimaggio","Olthof Homes","4/25/2023","12/13/2023","Indiana","Jennifer Hoops","Yes","7","228667","78400","215600","392000","","244.0000000000","555.0000000000","736000","Discover","4/13/2023","750","No Budget / Lost Funding","Closed Lost","Pipeline"
"0068c00000vliMIAAY","Anthony Dimaggio","Brookson Builders","5/16/2023","12/18/2023","Texas","Jennifer Hoops","Yes","1","113573","32200","88550","161000","","249.0000000000","550.0000000000","479293","Discover","4/13/2023","","No Budget / Lost Funding","Closed Lost","Pipeline"
"0068c00000vUXFEAA4","Rick Caldwell","Wayne Homes",,"4/30/2023","Ohio","Jennifer Hoops","Yes","0","0","","","","BuilderMT","33.0000000000","714.0000000000","0","Prospect","3/28/2023","600","No Decision / Non-Responsive","Closed Lost","Pipeline"
"0068c00000vU4KGAA0","Anthony Dimaggio","Key Land Homes","4/25/2023","11/3/2023","Minnesota","Jennifer Hoops","Yes","4","96014","26250","72188","131377","BuilderTrend","233.0000000000","595.0000000000","414556","Developing Champions","3/15/2023","100","Disqualified - Other","Closed Lost","Pipeline"
"0068c00000vSuiyAAC","Anthony Dimaggio","LevelTX Corp","2/12/2023","4/26/2024","Texas","Jennifer Hoops","Yes","2","140400","75876","101448","164450","BuilderTrend","439.0000000000","420.0000000000","561599","Decision","2/12/2023","","No Budget / Lost Funding","Closed Lost","Pipeline"
"0068c00000uj13uAAA","Anthony Dimaggio","Glenwood Homes",,"5/10/2023","Oklahoma","Jennifer Hoops","Yes","0","66667","30000","70000","100000","Constellation - NewStar","141.0000000000","772.0000000000","220000","Prospect","12/20/2022","120","No Decision / Non-Responsive","Closed Lost","Pipeline"
"0068c00000uiuAGAAY","Anthony Dimaggio","Authentic Custom Homes","12/16/2022","5/15/2023","Oklahoma","Jennifer Hoops","Yes","5","98333","45000","95000","155000","MarkSystems","150.0000000000","767.0000000000","325000","Discover","12/16/2022","175","No Decision / Non-Responsive","Closed Lost","Pipeline"
"0068c00000uY8RLAA0","Rick Caldwell","Wormald Development Company",,"9/27/2023","Maryland","Jennifer Hoops","Yes","0","0","0","0","0","Homefront","82.0000000000","632.0000000000","0","Prospect","7/7/2023","","No Decision / Non-Responsive","Closed Lost","Pipeline"
"0068c00000uXxBmAAK","Anthony Dimaggio","Pyatt Builders [ACQUIRED]","6/29/2023","9/8/2023","Indiana","Jennifer Hoops","Yes","1","136793","52432","93235","175387","Constellation","71.0000000000","651.0000000000","582173","Decision","6/29/2023","200","","Closed Won","Closed"
"0068c00000uXwgtAAC","Anthony Dimaggio","Excel Homes","6/29/2023","1/19/2024","Alberta","Jennifer Hoops","Yes","1","339195","97236","221836","412303","Hyphen - BuildPro and BRIX","204.0000000000","518.0000000000","1391780","Developing Champions","6/29/2023","500","ERP Integration","Closed Lost","Pipeline"
"0068c00000uXRaqAAG","Rick Caldwell","Backyard ADUs",,"9/27/2023","Maine","Jennifer Hoops","No","1","0","0","0","0","","103.0000000000","632.0000000000","0","Prospect","6/16/2023","","Disqualified - Other","Closed Lost","Pipeline"
"0068c00000uXRA4AAO","Jared Rogers","David Weekley Homes","6/16/2023","9/29/2023","Texas","Jennifer Hoops","Yes","0","400000","100000","200000","900000","JD Edwards","105.0000000000","630.0000000000","1240000","Discover","6/16/2023","5600","No Budget / Lost Funding","Closed Lost","Pipeline"
"0068c00000uXQFKAA4","Kate Walker","Newmark Homes","6/28/2023","7/6/2023","Texas","Jennifer Hoops","Yes","1","441000","151200","415800","756000","","21.0000000000","715.0000000000","1323000","Discover","6/15/2023","400","Disqualified - Other","Closed Lost","Pipeline"
"0068c00000uXQ4AAAW","Jared Rogers","Graham Hart Home Builder",,"9/1/2023","Texas","Jennifer Hoops","Yes","0","0","","","","","78.0000000000","658.0000000000","0","Prospect","6/15/2023","","No Decision / Non-Responsive","Closed Lost","Pipeline"
"0068c00000uX7cWAAS","Anthony Dimaggio","M/I Homes (corporate office)","9/27/2023","12/18/2023","Ohio","Jennifer Hoops","Yes","1","100000","100000","","","JD Edwards","189.0000000000","550.0000000000","140000","Discover","6/12/2023","8500","No Decision / Non-Responsive","Closed Lost","Pipeline"
"0068c00000uWcm7AAC","Anthony Dimaggio","Perry Homes","6/2/2023","12/18/2023","Texas","Jennifer Hoops","Yes","1","345712","154368","289656","593112","","199.0000000000","550.0000000000","1072136","Discover","6/2/2023","3300","ERP Integration","Closed Lost","Pipeline"
"0068c00000uWZsDAAW","Anthony Dimaggio","Cambridge Homes","6/1/2023","8/4/2023","Texas","Jennifer Hoops","Yes","3","117938","42500","112540","198773","","64.0000000000","686.0000000000","378813","Discover","6/1/2023","","Disqualified - Other","Closed Lost","Pipeline"
"0068c00000uWKIfAAO","Kate Walker","Betenbough Homes","6/15/2023","8/28/2023","Texas","Jennifer Hoops","Yes","0","485333","166400","457600","832000","","95.0000000000","662.0000000000","1456000","Developing Champions","5/25/2023","1600","Don't See Value","Closed Lost","Pipeline"
"0068c00000uNb3GAAS","Jared Rogers","Lombardo Homes","5/18/2023","7/6/2023","Michigan","Jennifer Hoops","Yes","1","231000","79200","217800","396000","Constellation","239.0000000000","715.0000000000","693000","Prospect","11/9/2022","320","No Decision / Non-Responsive","Closed Lost","Pipeline"
"0068c00000uIZpJAAW","Anthony Dimaggio","Landmark Fine Homes","1/17/2023","3/22/2023","Oklahoma","Jennifer Hoops","Yes","0","126000","43200","118800","216000","","145.0000000000","799.0000000000","378000","Discover","10/28/2022","150","Lost to Competitor","Closed Lost","Pipeline"
"0068c00000uIY4tAAG","Anthony Dimaggio","Elevate Design + Build",,"4/13/2023","Missouri","Jennifer Hoops","Yes","1","0","","","","","168.0000000000","799.0000000000","0","Prospect","10/27/2022","150","No Decision / Non-Responsive","Closed Lost","Pipeline"
"0068c00000uITbNAAW","Jared Rogers","Chesmar Homes","1/17/2023","4/8/2023","Texas","Jennifer Hoops","Yes","0","158333","50000","125000","300000","Hyphen - BuildPro","165.0000000000","805.0000000000","525000","Discover","10/25/2022","2000","No Budget / Lost Funding","Closed Lost","Pipeline"
"0068c00000uHwW0AAK","Anthony Dimaggio","Eldon Homes",,"4/13/2023","Wisconsin","Jennifer Hoops","Yes","0","0","","","","","183.0000000000","799.0000000000","0","Prospect","10/12/2022","100","No Decision / Non-Responsive","Closed Lost","Pipeline"
"0068c00000tfunhAAA","Rick Caldwell","McKee Builders","11/15/2022","2/16/2023","Pennsylvania","Jennifer Hoops","Yes","0","0","","","","MarkSystems","134.0000000000","855.0000000000","0","Discover","10/5/2022","200","No Budget / Lost Funding","Closed Lost","Pipeline"
"0068c00000rTANkAAO","Anthony Dimaggio","Heritage Homes",,"5/10/2023","North Dakota","Jennifer Hoops","Yes","1","0","","","","MarkSystems","315.0000000000","772.0000000000","0","Prospect","6/29/2022","100","No Decision / Non-Responsive","Closed Lost","Pipeline"
"0068c00000rSmSjAAK","Jared Rogers","Disama Building Group","1/17/2023","8/1/2023","Texas","Jennifer Hoops","Yes","1","108875","40500","95000","150000","","413.0000000000","689.0000000000","470500","Decision","6/14/2022","225","Don't See Value","Closed Lost","Pipeline"
"0068c00000rSmSeAAK","Kate Walker","Brohn Homes","10/25/2022","6/16/2023","Texas","Jennifer Hoops","Yes","0","116667","50000","100000","200000","Kova","367.0000000000","735.0000000000","400000","Prospect","6/14/2022","900","No Decision / Non-Responsive","Closed Lost","Pipeline"
"0068c00000rSVzGAAW","Anthony Dimaggio","STK Homes","10/7/2022","8/3/2023","Oklahoma","Jennifer Hoops","Yes","5","148750","51000","140250","255000","MarkSystems","422.0000000000","687.0000000000","496250","Discover","6/7/2022","600","No Decision / Non-Responsive","Closed Lost","Pipeline"
"0068c00000ovSGKAA2","Anthony Dimaggio","Citadel Signature Homes",,"4/13/2023","Nebraska","Jennifer Hoops","Unqualified","0","0","","","","","367.0000000000","799.0000000000","0","Prospect","4/11/2022","40","No Decision / Non-Responsive","Closed Lost","Pipeline"
"0068c00000ovSGIAA2","Kevin Brandon","Legacy DCS",,"4/21/2022","Texas","Jennifer Hoops","No","0","0","","","","","10.0000000000","1156.0000000000","0","Decision","4/11/2022","160","Don't See Value","Closed Lost","Pipeline"
"0068c00000ovSG0AAM","Kate Walker","Betenbough Homes",,"5/10/2023","Texas","Jennifer Hoops","Yes","0","0","","","","","394.0000000000","772.0000000000","0","Prospect","4/11/2022","1600","No Decision / Non-Responsive","Closed Lost","Pipeline"
"0068c00000ovSFvAAM","Rick Caldwell","Traditions of America",,"8/31/2023","Pennsylvania","Jennifer Hoops","Yes","1","0","","","","","507.0000000000","659.0000000000","0","Prospect","4/11/2022","","No Decision / Non-Responsive","Closed Lost","Pipeline"
"0068c00000ovSFpAAM","Anthony Dimaggio","Perfection Builders",,"9/30/2022","Kansas","Jennifer Hoops","Yes","0","0","","","","MarkSystems","172.0000000000","799.0000000000","0","Prospect","4/11/2022","150","No Decision / Non-Responsive","Closed Lost","Pipeline"
"0068c00000ovSFnAAM","Becka Dente","Clarity Construction",,"5/16/2022","Iowa","Jennifer Hoops","No","0","0","","","","","35.0000000000","1131.0000000000","0","On Hold","4/11/2022","","Don't See Value","Closed Lost","Pipeline"
"0068c00000ovSFmAAM","Jared Rogers","Keystone Custom Home","1/24/2023","10/20/2023","Pennsylvania","Jennifer Hoops","Yes","1","250000","100000","200000","300000","TOM Systems","557.0000000000","609.0000000000","1040000","Decision","4/11/2022","400","No Budget / Lost Funding","Closed Lost","Pipeline"
"0068c00000ovSFkAAM","Jared Rogers","Maronda Homes","11/9/2022","10/3/2023","Pennsylvania","Jennifer Hoops","Yes","1","837500","350000","600000","1200000","Home-grown System","540.0000000000","625.0000000000","3350000","Decision","4/11/2022","2400","","Closed Won","Closed"
"0068c00000ovSEUAA2","Rick Caldwell","Dan Ryan Builders (DRB Group)",,"3/10/2023","Maryland","Jennifer Hoops","Yes","0","0","","","","Hyphen - BuildPro","333.0000000000","833.0000000000","0","Discover","4/11/2022","4000","No Decision / Non-Responsive","Closed Lost","Pipeline"
"0068c00000ovSETAA2","Anthony Dimaggio","Homes by Taber","10/4/2022","3/8/2023","Oklahoma","Jennifer Hoops","Yes","0","133333","50000","100000","250000","","331.0000000000","835.0000000000","450000","Discover","4/11/2022","850","No Decision / Non-Responsive","Closed Lost","Pipeline"
"0068c00000ovSEQAA2","Anthony Dimaggio","Mattamy Homes","3/2/2023","6/12/2023","Ontario","Jennifer Hoops","Yes","0","416667","250000","400000","600000","JD Edwards","427.0000000000","739.0000000000","1250000","Prospect","4/11/2022","4200","No Decision / Non-Responsive","Closed Lost","Pipeline"
"0068c00000ovSEJAA2","Kevin Brandon","Estridge Homes","4/27/2022","6/2/2022","Indiana","Jennifer Hoops","Yes","1","110000","110000","","","","52.0000000000","1114.0000000000","165000","Decision","4/11/2022","120","","Closed Won","Closed"
"0068c00000ovSEHAA2","Anthony Dimaggio","Hubbell Homes",,"4/13/2023","Iowa","Jennifer Hoops","Yes","0","0","","","","MarkSystems","367.0000000000","799.0000000000","0","Prospect","4/11/2022","300","No Decision / Non-Responsive","Closed Lost","Pipeline"
"0068c00000ovSEBAA2","Kevin Brandon","Legend Homes by Camillo","4/26/2022","8/26/2022","Texas","Jennifer Hoops","Yes","1","0","","","","","137.0000000000","1029.0000000000","0","Developing Champions","4/11/2022","2100","Don't See Value","Closed Lost","Pipeline"
"0068c00000ovSE9AAM","Kevin Brandon","Toll Brothers, Inc.",,"8/26/2022","Pennsylvania","Jennifer Hoops","Yes","0","0","","","","JD Edwards","137.0000000000","1029.0000000000","0","Decision","4/11/2022","9500","Don't See Value","Closed Lost","Pipeline"
"0068c00000ovSE8AAM","Kevin Brandon","Eddy Homes",,"8/18/2022","Pennsylvania","Jennifer Hoops","Yes","0","0","","","","MarkSystems","129.0000000000","1037.0000000000","0","Decision","4/11/2022","50","No Decision / Non-Responsive","Closed Lost","Pipeline"
"0068c00000ovSE7AAM","Kevin Brandon","Schell Brothers","4/11/2022","6/14/2022","Delaware","Jennifer Hoops","Yes","1","600000","600000","","","Home-grown System","64.0000000000","1102.0000000000","600000","Decision","4/11/2022","589","","Closed Won","Closed"
"0068c00000ovSE6AAM","Kevin Brandon","Capital Homes","4/11/2022","6/30/2022","Oklahoma","Jennifer Hoops","Yes","1","75000","75000","","","MarkSystems","80.0000000000","1029.0000000000","200000","Decision","4/11/2022","200","","Closed Won","Closed"
"0068c00000ovRCxAAM","Kevin Brandon","Hubbell Homes",,"9/29/2021","Iowa","Jennifer Hoops","Yes","","0","","","","MarkSystems","0.0000000000","1167.0000000000","0","","4/10/2022","300","","Closed Lost","Pipeline"
"0068c00000ovQ9qAAE","Kevin Brandon","Epcon Corporate Communities",,"9/29/2021","Ohio","Jennifer Hoops","Yes","","0","","","","MarkSystems","0.0000000000","1169.0000000000","0","","4/8/2022","700","","Closed Won","Closed"
"0068c00000ovQ9IAAU","Kevin Brandon","Epcon Franchising",,"9/29/2021","Ohio","Jennifer Hoops","Yes","1","0","","","","","0.0000000000","1169.0000000000","0","","4/8/2022","200","","Closed Won","Closed"
"0068c00000ovQ6UAAU","Ed Kubiak","Esperanza Homes","4/8/2022","5/16/2022","Texas","Jennifer Hoops","Yes","0","0","","","","MarkSystems","38.0000000000","1131.0000000000","0","Develop","4/8/2022","500","Don't See Value","Closed Lost","Pipeline"
"0068c00000ovQ66AAE","Kevin Brandon","Tim O'Brien Homes","4/8/2022","7/21/2022","Wisconsin","Jennifer Hoops","Yes","2","275000","275000","","","MarkSystems","104.0000000000","1065.0000000000","400000","Decision","4/8/2022","220","","Closed Won","Closed"
"0068c00000ovQ43AAE","Kevin Brandon","William Ryan Homes","4/21/2022","8/11/2022","Illinois","Jennifer Hoops","Yes","3","310000","310000","310000","310000","Brix","125.0000000000","1044.0000000000","1130000","Decision","4/8/2022","396","","Closed Won","Closed"
"0068c00000ovQ3wAAE","Rick Caldwell","Van Metre Homes","4/25/2023","9/22/2023","Virginia","Jennifer Hoops","Yes","1","438667","150400","413600","752000","","532.0000000000","637.0000000000","1366000","Discover","4/8/2022","300","No Decision / Non-Responsive","Closed Lost","Pipeline"
"0068c00000ovQ3ZAAU","Rick Caldwell","K. Hovnanian Homes",,"2/25/2023","New Jersey","Jennifer Hoops","Yes","0","0","","","","JD Edwards","323.0000000000","833.0000000000","0","Discover","4/8/2022","6500","No Decision / Non-Responsive","Closed Lost","Pipeline"
"0068c00000ovQ3VAAU","Jared Rogers","Grand Homes",,"10/30/2022","Texas","Jennifer Hoops","Yes","0","0","","","","Hyphen - BuildPro","205.0000000000","715.0000000000","0","Prospect","4/8/2022","500","No Decision / Non-Responsive","Closed Lost","Pipeline"
"0068c00000ovQ3SAAU","Sam Nichols","Drees Homes","12/16/2022","9/6/2024","Kentucky","Jennifer Hoops","Yes","1","1050000","150000","350000","1850000","JD Edwards","882.0000000000","287.0000000000","4200000","Negotiation/Review","4/8/2022","2300","Bad Timing","Closed Lost","Pipeline"
"0068c00000ovQ3EAAU","Kate Walker","Adair Homes",,"5/10/2023","Washington","Jennifer Hoops","No","0","0","","","","MarkSystems","397.0000000000","772.0000000000","0","Prospect","4/8/2022","600","No Decision / Non-Responsive","Closed Lost","Pipeline"
"0068c00000ovQ3BAAU","Anthony Dimaggio","Riverside Homebuilders","8/14/2024","8/30/2024","Texas","Jennifer Hoops","Yes","3","575616","254380","482520","671821","Constellation","875.0000000000","294.0000000000","2302465","Developing Champions","4/8/2022","800","No Decision / Non-Responsive","Closed Lost","Pipeline"
"0068c00000ovQ3AAAU","Jared Rogers","Garman Builders","11/1/2022","4/21/2023","Pennsylvania","Jennifer Hoops","Yes","0","238875","81900","225225","409500","Hyphen - BuildPro and BRIX","378.0000000000","791.0000000000","716625","Developing Champions","4/8/2022","250","No Budget / Lost Funding","Closed Lost","Pipeline"
"0068c00000ovQ38AAE","Anthony Dimaggio","Beacon Fine Homes & Custom Pools",,"4/13/2023","Oklahoma","Jennifer Hoops","Yes","0","0","","","","MarkSystems","370.0000000000","799.0000000000","0","Prospect","4/8/2022","100","No Decision / Non-Responsive","Closed Lost","Pipeline"
"0068c00000ovQ37AAE","Kevin Brandon","Antares Homes",,"4/14/2023","Texas","Jennifer Hoops","No","0","0","0","0","0","","371.0000000000","798.0000000000","0","Prospect","4/8/2022","","Don't See Value","Closed Lost","Pipeline"
"0068c00000ovQ31AAE","Anthony Dimaggio","Verity Homes",,"5/30/2022","North Dakota","Jennifer Hoops","Yes","0","0","","","","BuilderTrend","52.0000000000","799.0000000000","0","Prospect","4/8/2022","100","No Decision / Non-Responsive","Closed Lost","Pipeline"
"0068c00000ovQ30AAE","Anthony Dimaggio","Veridian Homes",,"5/30/2022","Wisconsin","Jennifer Hoops","Yes","0","0","","","","Constellation - NewStar","52.0000000000","799.0000000000","0","Prospect","4/8/2022","590","No Decision / Non-Responsive","Closed Lost","Pipeline"
"0068c00000ovQ2YAAU","Anthony Dimaggio","Rochester Homes",,"5/30/2022","Indiana","Jennifer Hoops","Yes","0","0","","","","","52.0000000000","799.0000000000","0","Prospect","4/8/2022","312","No Decision / Non-Responsive","Closed Lost","Pipeline"
"0068c00000ovQ2WAAU","Anthony Dimaggio","Riverwood Homes - Wisconsin",,"5/30/2022","Wisconsin","Jennifer Hoops","No","0","0","","","","","52.0000000000","799.0000000000","0","Prospect","4/8/2022","20","No Decision / Non-Responsive","Closed Lost","Pipeline"
"0068c00000ovQ2RAAU","Anthony Dimaggio","R&R Homes",,"4/13/2023","Oklahoma","Jennifer Hoops","Yes","0","0","","","","MarkSystems","370.0000000000","799.0000000000","0","Prospect","4/8/2022","200","No Decision / Non-Responsive","Closed Lost","Pipeline"
"0068c00000ovQ21AAE","Anthony Dimaggio","Lancia Homes",,"5/30/2022","Indiana","Jennifer Hoops","Yes","0","0","","","","","52.0000000000","799.0000000000","0","Prospect","4/8/2022","260","No Decision / Non-Responsive","Closed Lost","Pipeline"
"0068c00000ovQ1wAAE","Anthony Dimaggio","Kaerek Homes",,"4/13/2023","Wisconsin","Jennifer Hoops","Yes","0","0","","","","","370.0000000000","799.0000000000","0","Prospect","4/8/2022","135","No Decision / Non-Responsive","Closed Lost","Pipeline"
"0068c00000ovQ1tAAE","Rick Caldwell","Jagoe Homes","1/5/2023","8/1/2023","Kentucky","Jennifer Hoops","Yes","3","193813","125425","178650","277365","MarkSystems","480.0000000000","689.0000000000","628440","Decision","4/8/2022","500","Don't See Value","Closed Lost","Pipeline"
"0068c00000ovQ1nAAE","Anthony Dimaggio","Ideal Homes",,"4/13/2023","Oklahoma","Jennifer Hoops","Yes","1","0","","","","","370.0000000000","799.0000000000","0","Prospect","4/8/2022","550","No Decision / Non-Responsive","Closed Lost","Pipeline"
"0068c00000ovQ1OAAU","Jared Rogers","Cronkhite Homes",,"7/31/2023","Missouri","Jennifer Hoops","Yes","0","109000","48000","99000","180000","MarkSystems","479.0000000000","690.0000000000","347000","Decision","4/8/2022","200","No Budget / Lost Funding","Closed Lost","Pipeline"
"0068c00000ovQ0oAAE","Anthony Dimaggio","Eastbrook Homes","1/5/2023","10/13/2023","Michigan","Jennifer Hoops","Yes","1","204167","70000","192500","350000","Constellation - NewStar","553.0000000000","563.0000000000","652500","Developing Champions","4/8/2022","400","No Decision / Non-Responsive","Closed Lost","Pipeline"
"006Rj00000Msp46IAB","Sophia Jackson","Front Light Building Company",,"12/5/2025","South Carolina","Kyle Johnson","No","1","0","","","","","14.0000000000","14.0000000000","0","","6/6/2025","","","Validation/Introduction","Pipeline"
"006Rj00000Lm1TxIAJ","Carissa Anderson","Sunrise Homes",,"11/28/2025","Louisiana","Kyle Johnson","Yes","1","0","","","","","44.0000000000","44.0000000000","0","","5/7/2025","","","Validation/Introduction","Pipeline"
"006Rj00000LYtfVIAT","Carissa Anderson","GL Homes","5/8/2025","12/23/2025","Florida","Kyle Johnson","Yes","22","633333","350000","650000","900000","","50.0000000000","50.0000000000","1900000","","5/1/2025","1800","","Discover","Pipeline"
"006Rj00000LDgoXIAT","Sophia Jackson","Brown Haven Homes","4/24/2025","7/23/2025","Georgia","Kyle Johnson","Yes","8","400000","400000","400000","400000","MarkSystems","58.0000000000","23.0000000000","1200000","","4/23/2025","","","ROI Analysis/Pricing","Likely"
"006Rj00000KqoJmIAJ","Carissa Anderson","Brittenum Construction Company","4/11/2025","7/31/2025","Arkansas","Kyle Johnson","Yes","2","250000","200000","250000","300000","MarkSystems","70.0000000000","50.0000000000","1000000","","4/11/2025","","","Developing Champions","Likely"
"006Rj00000KCYtfIAH","Sophia Jackson","True Homes","4/3/2025","6/5/2025","North Carolina","Kyle Johnson","Yes","2","1000000","1000000","1000000","1000000","Home-grown System","72.0000000000","15.0000000000","3000000","Discover","3/25/2025","2000","No Decision / Non-Responsive","Closed Lost","Pipeline"
"006Rj00000KAO5yIAH","Sophia Jackson","Tri Pointe Homes","3/26/2025","1/14/2026","California","Kyle Johnson","Yes","13","900000","800000","900000","1000000","JD Edwards","88.0000000000","50.0000000000","2700000","","3/24/2025","","","Developing Champions","Upside"
"006Rj00000Jp7AzIAJ","Carissa Anderson","The Kolter Group","4/3/2025","5/8/2025","Florida","Kyle Johnson","Yes","6","633333","350000","650000","900000","","56.0000000000","43.0000000000","1900000","Discover","3/13/2025","","No Decision / Non-Responsive","Closed Lost","Pipeline"
"006Rj00000JchfJIAR","Carissa Anderson","Park Square Homes","3/7/2025","4/28/2025","Florida","Kyle Johnson","Yes","2","500000","300000","400000","800000","MarkSystems","52.0000000000","53.0000000000","1500000","Developing Champions","3/7/2025","750","Bad Timing","Closed Lost","Pipeline"
"006Rj00000HeftvIAB","Sophia Jackson","Classica Homes","1/17/2025","4/28/2025","North Carolina","Kyle Johnson","Yes","7","262840","157704","236556","394260","Sage","103.0000000000","53.0000000000","788520","Developing Champions","1/15/2025","60","No Decision / Non-Responsive","Closed Lost","Pipeline"
"006Rj00000FLtwvIAD","Sophia Jackson","Absolute Construction & Development","11/6/2024","1/29/2025","North Carolina","Kyle Johnson","No","2","89256","73654","92058","102058","QuickBooks","84.0000000000","141.0000000000","267769","Negotiation/Review","11/6/2024","","","Closed Won","Closed"
"006Rj00000EiUdTIAV","Sophia Jackson","New Leaf Builders","12/13/2024","1/21/2025","South Carolina","Kyle Johnson","No","2","225000","200000","225000","250000","MarkSystems","95.0000000000","150.0000000000","675000","Negotiation/Review","10/18/2024","250","","Closed Won","Closed"
"006Rj00000EF1YPIA1","Sophia Jackson","Eastwood Homes","12/5/2024","4/28/2025","North Carolina","Kyle Johnson","Yes","18","833333","1250000","1250000","0","Kova","206.0000000000","53.0000000000","2500000","Negotiation/Review","10/4/2024","1500","","Closed Won","Closed"
"006Rj00000EF0VtIAL","Sophia Jackson","Madison Homebuilders","10/4/2024","11/12/2024","North Carolina","Kyle Johnson","No","5","135000","120000","135000","150000","Threadkore","39.0000000000","220.0000000000","405000","Negotiation/Review","10/4/2024","165","","Closed Won","Closed"
"006Rj00000EEyYwIAL","Sophia Jackson","Artisan Built Communities",,"1/6/2025","Georgia","Kyle Johnson","No","2","0","","","","MarkSystems","94.0000000000","165.0000000000","0","Validation/Introduction","10/4/2024","","Don't See Value","Closed Lost","Pipeline"
"006Rj00000EEMbhIAH","Carissa Anderson","Gulf Bay Homes",,"1/23/2025","Florida","Kyle Johnson","No","","175000","150000","175000","200000","","112.0000000000","148.0000000000","525000","Validation/Introduction","10/3/2024","","Feature Gap","Closed Lost","Pipeline"
"006Rj00000CdN7WIAV","Sophia Jackson","Smith Douglas Homes","8/19/2024","11/1/2024","Georgia","Kyle Johnson","Yes","4","1333333","500000","1300000","2200000","Home-grown System","74.0000000000","231.0000000000","4000000","Developing Champions","8/19/2024","1850","Lost to Competitor","Closed Lost","Pipeline"
"006Rj00000CdH71IAF","Sophia Jackson","Ivey Homes","8/19/2024","9/6/2024","Georgia","Kyle Johnson","Yes","1","0","","","","BuilderMT","18.0000000000","287.0000000000","0","Discover","8/19/2024","225","ERP Integration","Closed Lost","Pipeline"
"006Rj00000CFzU5IAL","Sophia Jackson","McKee Homes","8/7/2024","12/3/2024","North Carolina","Kyle Johnson","Yes","2","516667","300000","500000","750000","MarkSystems","118.0000000000","199.0000000000","1550000","ROI Analysis/Pricing","8/7/2024","300","Don't See Value","Closed Lost","Pipeline"
"006Rj00000BqmDVIAZ","Sophia Jackson","Robuck Homes","7/26/2024","11/6/2024","North Carolina","Kyle Johnson","Yes","1","450000","150000","150000","150000","Homefront","103.0000000000","226.0000000000","450000","Discover","7/26/2024","150","Don't See Value","Closed Lost","Pipeline"
"006Rj00000ASUQPIA5","Sophia Jackson","Hunter Quinn Homes","6/20/2024","9/6/2024","South Carolina","Kyle Johnson","Yes","2","300000","300000","300000","300000","Homefront","78.0000000000","287.0000000000","900000","Developing Champions","6/20/2024","200","ERP Integration","Closed Lost","Pipeline"
"006Rj000009X6fnIAC","Sophia Jackson","Value Build Homes","5/24/2024","6/21/2024","North Carolina","Kyle Johnson","Yes","7","188333","165000","200000","200000","Home-grown System","28.0000000000","361.0000000000","565000","Decision","5/24/2024","","","Closed Won","Closed"
"006Rj000007o0jxIAA","Sophia Jackson","Ben Stout Construction","8/14/2024","9/6/2024","North Carolina","Kyle Johnson","Yes","4","250000","250000","250000","250000","MarkSystems","154.0000000000","287.0000000000","750000","Developing Champions","4/5/2024","","ERP Integration","Closed Lost","Pipeline"
"006Rj000007lzFKIAY","Carissa Anderson","Franklin Homes","4/4/2024","11/15/2024","Alabama","Kyle Johnson","Yes","2","200000","100000","200000","300000","","225.0000000000","217.0000000000","600000","Discover","4/4/2024","","Bad Timing","Closed Lost","Pipeline"
"006Rj000007ZcPlIAK","Carissa Anderson","BC Stone Homes","8/14/2024","3/19/2025","Alabama","Kyle Johnson","Yes","14","228000","168000","258000","258000","BuilderTrend","355.0000000000","93.0000000000","684000","Negotiation/Review","3/29/2024","","","Closed Won","Closed"
"006Rj000007ZRqwIAG","Carissa Anderson","GreenTech Homes","8/14/2024","8/30/2025","Tennessee","Kyle Johnson","Yes","25","299000","241500","310500","345000","BuilderTrend","448.0000000000","79.0000000000","897000","","3/29/2024","250","","Negotiation/Review","Commit"
"006Rj000007KKzRIAW","Sophia Jackson","New Home Inc.","3/22/2024","5/30/2024","North Carolina","Kyle Johnson","Yes","2","150000","150000","150000","150000","MarkSystems","69.0000000000","382.0000000000","450000","Decision","3/22/2024","","","Closed Won","Closed"
"006Rj0000070O1bIAE","Carissa Anderson","Legacy South","3/13/2024","4/23/2024","Tennessee","Kyle Johnson","Yes","2","325000","250000","350000","350000","Home-grown System","41.0000000000","422.0000000000","1300000","Decision","3/13/2024","","","Closed Won","Closed"
"006Rj000006vXDVIA2","Carissa Anderson","United Built Homes","3/11/2024","8/2/2024","Arkansas","Kyle Johnson","Yes","3","345000","225000","275000","375000","Home-grown System","144.0000000000","317.0000000000","1725000","Decision","3/11/2024","350","","Closed Won","Closed"
"006Rj000006q2FBIAY","Sophia Jackson","Coastal Affaire (Tracewater)","3/8/2024","5/23/2024","Florida","Kyle Johnson","No","1","100000","100000","100000","100000","","76.0000000000","393.0000000000","300000","Developing Champions","3/8/2024","","No Budget / Lost Funding","Closed Lost","Pipeline"
"006Rj000006q1sbIAA","Sophia Jackson","Great Southern Homes","8/14/2024","9/6/2024","South Carolina","Kyle Johnson","Yes","1","1600000","1400000","1600000","1800000","MarkSystems","182.0000000000","287.0000000000","4800000","Developing Champions","3/8/2024","1700","Bad Timing","Closed Lost","Pipeline"
"0068c00000ym5ztAAA","Sophia Jackson","Pulte Group","8/14/2024","3/25/2025","Georgia","Kyle Johnson","Yes","7","250000","250000","","","Home-grown System","466.0000000000","87.0000000000","250000","Developing Champions","12/15/2023","28000","Don't See Value","Closed Lost","Pipeline"
"0068c00000ym4SyAAI","Anthony Dimaggio","Signature Homes","12/13/2023","4/17/2024","Alabama","Kyle Johnson","Yes","4","642500","300000","300000","985000","Constellation - NewStar","126.0000000000","428.0000000000","2570000","Decision","12/13/2023","475","","Closed Won","Closed"
"0068c00000ylk7NAAQ","Sophia Jackson","Veranda Homes","2/16/2024","5/23/2024","South Carolina","Kyle Johnson","Yes","1","250000","150000","250000","350000","","178.0000000000","393.0000000000","750000","Developing Champions","11/27/2023","100","No Budget / Lost Funding","Closed Lost","Pipeline"
"0068c00000xNvdEAAS","Jared Rogers","Brown Haven Homes","2/16/2024","5/29/2024","Georgia","Kyle Johnson","Yes","4","350000","250000","400000","400000","MarkSystems","226.0000000000","387.0000000000","1050000","Decision","10/16/2023","","ERP Integration","Closed Lost","Pipeline"
"0068c00000xMm5PAAS","Jared Rogers","Landmark24 Homes","9/22/2023","11/13/2023","Georgia","Kyle Johnson","Yes","2","393125","322500","350000","450000","Threadkore","52.0000000000","584.0000000000","1572500","Decision","9/22/2023","","","Closed Won","Closed"
"0068c00000xMm55AAC","Sophia Jackson","McGuinn Hybrid Homes","12/1/2023","4/5/2024","South Carolina","Kyle Johnson","Yes","2","150000","150000","150000","150000","MarkSystems","196.0000000000","441.0000000000","450000","Developing Champions","9/22/2023","250","No Decision / Non-Responsive","Closed Lost","Pipeline"
"0068c00000xMm4RAAS","Jared Rogers","The Providence Group (Green Brick Partners)","9/22/2023","12/15/2023","Georgia","Kyle Johnson","Yes","1","300000","100000","300000","500000","","84.0000000000","553.0000000000","900000","Discover","9/22/2023","400","No Decision / Non-Responsive","Closed Lost","Pipeline"
"0068c00000xMm1jAAC","Jared Rogers","Trinity Family Builders","9/22/2023","12/15/2023","Florida","Kyle Johnson","Yes","1","216667","50000","200000","400000","","84.0000000000","553.0000000000","650000","Discover","9/22/2023","","No Budget / Lost Funding","Closed Lost","Pipeline"
"0068c00000xLuJpAAK","Anthony Dimaggio","Rausch Coleman Homes","8/17/2023","9/22/2023","Arkansas","Kyle Johnson","Yes","4","882250","365300","785800","1495650","MarkSystems","36.0000000000","637.0000000000","2646750","Developing Champions","8/17/2023","4000","Don't See Value","Closed Lost","Pipeline"
"0068c00000wSq7hAAC","Jared Rogers","Cook Residential","5/12/2023","6/16/2023","Georgia","Kyle Johnson","Yes","0","175000","60000","165000","300000","","35.0000000000","735.0000000000","565000","Discover","5/12/2023","","Disqualified - Multifamily","Closed Lost","Pipeline"
"0068c00000wSnbqAAC","Anthony Dimaggio","Carrington Creek Homes","5/10/2023","9/13/2023","Arkansas","Kyle Johnson","No","4","93150","54000","78800","146650","","126.0000000000","646.0000000000","279450","Discover","5/10/2023","","ERP Integration","Closed Lost","Pipeline"
"0068c00000vljnhAAA","Anthony Dimaggio","Bespoke Homes","4/25/2023","10/11/2023","Arkansas","Kyle Johnson","Yes","1","113660","32347","84625","164769","","180.0000000000","618.0000000000","473139","Developing Champions","4/14/2023","","No Decision / Non-Responsive","Closed Lost","Pipeline"
"0068c00000vU1K6AAK","Jared Rogers","Tri Pointe Homes","3/14/2023","9/1/2023","California","Kyle Johnson","Yes","1","143333","60000","120000","250000","JD Edwards","172.0000000000","658.0000000000","430000","Developing Champions","3/14/2023","","No Budget / Lost Funding","Closed Lost","Pipeline"
"0068c00000vTuHeAAK","Jared Rogers","Broadstreet Homes, Inc.","3/10/2023","6/16/2023","North Carolina","Kyle Johnson","Yes","0","60000","60000","","","","98.0000000000","735.0000000000","60000","Discover","3/10/2023","","Disqualified - Other","Closed Lost","Pipeline"
"0068c00000vSuitAAC","Carissa Anderson","My Southern Homes of Polk County","2/12/2023","12/15/2023","Florida","Kyle Johnson","Yes","1","220000","80000","160000","320000","BuilderMT","306.0000000000","553.0000000000","930000","Developing Champions","2/12/2023","325","No Budget / Lost Funding","Closed Lost","Pipeline"
"0068c00000vRi6nAAC","Jared Rogers","Lowder New Homes","1/19/2023","3/7/2023","Alabama","Kyle Johnson","Yes","3","153600","48000","150000","180000","BuilderMT","47.0000000000","836.0000000000","818000","Decision","1/19/2023","200","","Closed Won","Closed"
"0068c00000vRi6dAAC","Jared Rogers","Windsong Properties","1/19/2023","7/6/2023","Georgia","Kyle Johnson","Yes","0","163333","56000","154000","280000","MarkSystems","168.0000000000","715.0000000000","540000","Prospect","1/19/2023","","No Decision / Non-Responsive","Closed Lost","Pipeline"
"0068c00000uYTB3AAO","Rick Caldwell","Turner Homes","7/13/2023","7/28/2023","Tennessee","Kyle Johnson","Yes","0","75000","50000","75000","100000","MarkSystems","15.0000000000","693.0000000000","260000","Discover","7/13/2023","225","No Budget / Lost Funding","Closed Lost","Pipeline"
"0068c00000uXjvjAAC","Jared Rogers","Avtec Homes",,"7/6/2023","Florida","Kyle Johnson","Yes","0","0","","","","","10.0000000000","715.0000000000","0","Prospect","6/26/2023","","No Decision / Non-Responsive","Closed Lost","Pipeline"
"0068c00000uWdqaAAC","Jared Rogers","Carter + Clark",,"9/5/2023","Georgia","Kyle Johnson","Yes","1","36000","36000","","","","95.0000000000","654.0000000000","36000","Decision","6/2/2023","0","","Closed Won","Closed"
"0068c00000uHs2QAAS","Jared Rogers","Cardel Homes (FL)","11/28/2022","7/6/2023","Florida","Kyle Johnson","Yes","0","116667","50000","100000","200000","","269.0000000000","715.0000000000","350000","Prospect","10/10/2022","800","Lost to Competitor","Closed Lost","Pipeline"
"0068c00000rUIG0AAO","Kevin Brandon","Trusst Building Group",,"8/29/2022","North Carolina","Kyle Johnson","Yes","0","0","","","","","26.0000000000","1026.0000000000","0","Prospect","8/3/2022","150","Don't See Value","Closed Lost","Pipeline"
"0068c00000rSnejAAC","Kevin Brandon","Turner Homes",,"7/22/2022","Tennessee","Kyle Johnson","Yes","0","0","","","","MarkSystems","38.0000000000","1064.0000000000","0","Decision","6/14/2022","225","Don't See Value","Closed Lost","Pipeline"
"0068c00000ovSFyAAM","Jared Rogers","Hughston Homes",,"2/25/2023","Georgia","Kyle Johnson","Yes","0","0","","","","","320.0000000000","673.0000000000","0","Prospect","4/11/2022","500","Don't See Value","Closed Lost","Pipeline"
"0068c00000ovSFoAAM","Jared Rogers","Robuck Homes",,"7/6/2023","North Carolina","Kyle Johnson","Yes","0","0","","","","Homefront","451.0000000000","715.0000000000","0","Prospect","4/11/2022","150","No Decision / Non-Responsive","Closed Lost","Pipeline"
"0068c00000ovSFjAAM","Jared Rogers","Homes by Dickerson","4/8/2023","9/15/2022","North Carolina","Kyle Johnson","Yes","0","175000","75000","150000","300000","Build Pro","157.0000000000","715.0000000000","525000","Discover","4/11/2022","260","No Decision / Non-Responsive","Closed Lost","Pipeline"
"0068c00000ovSERAA2","Kevin Brandon","Lennar",,"7/27/2022","Florida","Kyle Johnson","Yes","0","0","","","","JD Edwards","107.0000000000","1058.0000000000","0","Decision","4/11/2022","59000","No Decision / Non-Responsive","Closed Lost","Pipeline"
"0068c00000ovSENAA2","Jared Rogers","Dream Finders Homes","10/25/2022","7/6/2023","Florida","Kyle Johnson","Yes","0","0","","","","Constellation - NewStar","451.0000000000","715.0000000000","0","Prospect","4/11/2022","6000","No Decision / Non-Responsive","Closed Lost","Pipeline"
"0068c00000ovSELAA2","Anthony Dimaggio","Rausch Coleman Homes","1/17/2023","3/6/2023","Arkansas","Kyle Johnson","Yes","0","200000","50000","200000","350000","MarkSystems","329.0000000000","837.0000000000","650000","Discover","4/11/2022","4000","Disqualified - Other","Closed Lost","Pipeline"
"0068c00000ovSEAAA2","Jared Rogers","Pulte Group","7/7/2022","6/14/2023","Georgia","Kyle Johnson","Yes","3","100000","100000","","","Home-grown System","429.0000000000","736.0000000000","100000","Decision","4/11/2022","28000","","Closed Won","Closed"
"0068c00000ovRD7AAM","Kevin Brandon","Brock Built",,"11/30/2021","Georgia","Kyle Johnson","Yes","","0","","","","Constellation - NewStar","0.0000000000","1167.0000000000","0","","4/10/2022","200","","Closed Lost","Pipeline"
"0068c00000ovQ9rAAE","Kevin Brandon","Red Tree Builders",,"9/29/2021","North Carolina","Kyle Johnson","No","2","100000","100000","","","","0.0000000000","1169.0000000000","100000","","4/8/2022","5","","Closed Won","Closed"
"0068c00000ovQ41AAE","Kevin Brandon","Buffington Homes of Arkansas","5/13/2022","6/3/2022","Arkansas","Kyle Johnson","Yes","1","75000","75000","","","Brix","56.0000000000","1113.0000000000","145000","Decision","4/8/2022","170","","Closed Won","Closed"
"0068c00000ovQ40AAE","Jared Rogers","AR Homes Franchising",,"7/6/2023","Florida","Kyle Johnson","Yes","1","0","","","","","454.0000000000","715.0000000000","0","Prospect","4/8/2022","300","Disqualified - Custom","Closed Lost","Pipeline"
"0068c00000ovQ3kAAE","Jared Rogers","My Home Communities",,"5/30/2022","Georgia","Kyle Johnson","Yes","0","0","0","0","0","","52.0000000000","715.0000000000","0","Prospect","4/8/2022","","No Budget / Lost Funding","Closed Lost","Pipeline"
"0068c00000ovQ2yAAE","Jared Rogers","Truland Homes",,"7/6/2023","Alabama","Kyle Johnson","No","0","0","","","","MarkSystems","454.0000000000","715.0000000000","0","Prospect","4/8/2022","475","No Decision / Non-Responsive","Closed Lost","Pipeline"
"0068c00000ovQ2lAAE","Jared Rogers","Stone Martin Builders","3/17/2023","7/6/2023","Alabama","Kyle Johnson","Yes","1","367500","126000","346500","630000","","454.0000000000","715.0000000000","1102500","Prospect","4/8/2022","900","No Decision / Non-Responsive","Closed Lost","Pipeline"
"0068c00000ovQ1mAAE","Jared Rogers","Homes by Westbay","4/25/2023","7/6/2023","Florida","Kyle Johnson","Yes","0","466667","200000","400000","800000","Constellation - NewStar","454.0000000000","715.0000000000","1400000","Prospect","4/8/2022","200","No Decision / Non-Responsive","Closed Lost","Pipeline"
"0068c00000ovQ1KAAU","Jared Rogers","Christopher Alan Homes","5/18/2023","8/18/2023","Florida","Kyle Johnson","Yes","2","200000","100000","200000","300000","Homefront","497.0000000000","672.0000000000","635000","Decision","4/8/2022","550","","Closed Won","Closed"
"0068c00000ovQ0zAAE","Carissa Anderson","Alvarez Construction","3/24/2023","6/22/2023","Louisiana","Kyle Johnson","Yes","2","161667","75000","140000","270000","","440.0000000000","729.0000000000","520000","Developing Champions","4/8/2022","500","No Decision / Non-Responsive","Closed Lost","Pipeline"
"0068c00000ovQ0qAAE","Jared Rogers","Logan Homes",,"7/6/2023","North Carolina","Kyle Johnson","Yes","0","0","","","","","454.0000000000","715.0000000000","0","Prospect","4/8/2022","200","No Decision / Non-Responsive","Closed Lost","Pipeline"
"0068c00000ovQ0nAAE","Jared Rogers","Davidson Homes",,"7/6/2023","Alabama","Kyle Johnson","Yes","0","0","","","","BuildTopia","454.0000000000","715.0000000000","0","Prospect","4/8/2022","900","No Decision / Non-Responsive","Closed Lost","Pipeline"
"0068c00000ym4VsAAI","Carissa Anderson","Riverwood Homes - Arkansas","11/15/2024","3/6/2025","Arkansas","Michael Miller","Yes","5","171667","130000","175000","210000","Constellation - NewStar","449.0000000000","106.0000000000","515000","Negotiation/Review","12/13/2023","300","","Closed Won","Closed"
"0068c00000xMB6UAAW","Jared Rogers","Kiella Homebuilders","9/1/2023","10/18/2023","Texas","Michael Miller","Yes","1","131250","100000","125000","150000","Brix","47.0000000000","611.0000000000","550000","Decision","9/1/2023","","","Closed Won","Closed"
"0068c00000xM3tFAAS","Jared Rogers","Highland Homes Inc",,"9/5/2023","Texas","Michael Miller","Yes","1","1000000","750000","1850000","","Brix","11.0000000000","653.0000000000","2600000","Decision","8/25/2023","3400","","Closed Won","Closed"
"0068c00000ovSEGAA2","Jared Rogers","Highland Homes Inc","10/17/2022","4/27/2023","Texas","Michael Miller","Yes","2","400000","400000","","","Brix","381.0000000000","784.0000000000","400000","Decision","4/11/2022","3400","","Closed Won","Closed"
"0068c00000ovQ44AAE","Anthony Dimaggio","DSLD Homes",,"9/15/2022","Louisiana","Michael Miller","Yes","0","0","","","","","160.0000000000","799.0000000000","0","Discover","4/8/2022","3100","No Decision / Non-Responsive","Closed Lost","Pipeline"
